Date,Open,High,Low,Close,Adj Close,Volume
2021-02-24,363.746,369.298,362.753,368.878,368.878,76930755
2021-02-25,367.585,368.972,358.512,359.985,359.985,155776027
2021-02-26,361.881,363.049,356.119,358.13,358.13,162181590
2021-03-01,363.049,368.074,358.321,366.809,366.809,111889012
2021-03-02,367.038,367.259,363.439,363.948,363.948,84536731
2021-03-03,363.241,364.217,359.018,359.125,359.125,127386282
2021-03-04,358.934,361.545,350.145,354.683,354.683,194820822
2021-03-05,358.225,362.272,350.864,361.202,361.202,161478475
2021-03-08,362.178,365.022,359.125,359.414,359.414,130794539
2021-03-09,363.297,367.116,359.421,364.533,364.533,120688101
2021-03-10,366.918,368.523,365.48,366.809,366.809,116722132
2021-03-11,369.298,372.525,368.849,370.524,370.524,91599263
2021-03-12,369.146,371.173,368.331,371.031,371.031,68667357
2021-03-15,371.279,373.5,369.117,373.233,373.233,78161024
2021-03-16,373.864,374.572,371.979,372.774,372.774,78299312
2021-03-17,371.469,374.849,370.304,374.045,374.045,104040726
2021-03-18,371.422,373.528,367.911,368.599,368.599,122510149
2021-03-19,368.293,369.892,365.719,367.92,367.92,120283896
2021-03-22,368.437,372.248,368.378,370.859,370.859,78102730
2021-03-23,370.207,371.682,367.136,367.938,367.938,96001590
2021-03-24,369.345,371.013,366.014,366.063,366.063,103308207
2021-03-25,364.607,368.933,362.646,368.131,368.131,122934793
2021-03-26,369.278,374.467,368.685,374.055,374.055,121114506
2021-03-29,372.562,374.782,371.07,373.874,373.874,114443694
2021-03-30,372.581,373.557,371.259,372.879,372.879,80731894
2021-03-31,373.454,375.969,373.425,374.391,374.391,119341442
2021-04-01,376.343,378.487,376.142,378.428,378.428,105525179
2021-04-05,381.12,384.412,381.042,383.856,383.856,97058306
2021-04-06,383.29,384.699,382.947,383.637,383.637,65655932
2021-04-07,383.464,384.431,382.994,384.077,384.077,59108783
2021-04-08,385.349,385.95,384.403,385.895,385.895,61254408
2021-04-09,385.771,388.872,385.646,388.699,388.699,64685830
2021-04-12,388.105,389.121,387.493,388.843,388.843,60028312
2021-04-13,388.738,390.641,388.363,390.002,390.002,59865378
2021-04-14,389.973,391.044,388.124,388.66,388.66,65273725
2021-04-15,390.833,393.121,390.786,392.843,392.843,63759846
2021-04-16,394.155,394.769,392.708,394.164,394.164,86845392
2021-04-19,393.216,393.665,390.88,392.221,392.221,83099206
2021-04-20,390.997,392.107,387.867,389.349,389.349,86649072
2021-04-21,388.718,393.243,388.583,393.034,393.034,70707647
2021-04-22,392.863,393.703,388.372,389.447,389.447,103302008
2021-04-23,390.012,395.093,389.933,393.665,393.665,77570832
2021-04-26,394.327,395.064,393.733,394.491,394.491,55240744
2021-04-27,394.788,394.988,393.253,394.403,394.403,54309872
2021-04-28,394.68,395.812,393.821,394.287,394.287,54241906
2021-04-29,397.055,397.429,393.389,396.805,396.805,83147725
2021-04-30,394.51,395.37,393.293,394.202,394.202,90539674
2021-05-03,396.201,396.593,394.546,395.045,395.045,72121213
2021-05-04,393.034,393.533,388.872,392.612,392.612,107545311
2021-05-05,394.278,394.51,392.164,392.728,392.728,42302711
2021-05-06,392.805,396.0,390.766,395.867,395.867,78677260
2021-05-07,396.643,399.399,395.953,398.748,398.748,71703592
2021-05-10,399.102,399.332,394.68,394.797,394.797,86649727
2021-05-11,390.231,392.277,387.358,391.283,391.283,123738650
2021-05-12,388.471,389.744,381.635,382.957,382.957,142712173
2021-05-13,384.536,389.521,384.488,387.569,387.569,112629596
2021-05-14,390.336,394.374,390.308,393.513,393.513,87019375
2021-05-17,392.393,393.34,390.479,392.519,392.519,68946374
2021-05-18,392.776,393.024,388.967,389.131,389.131,63315651
2021-05-19,384.393,388.296,382.879,388.115,388.115,112706969
2021-05-20,388.996,393.551,388.872,392.287,392.287,82595014
2021-05-21,393.792,395.045,391.504,391.963,391.963,81066853
2021-05-24,394.24,397.055,393.991,395.962,395.962,54387833
2021-05-25,397.065,397.42,394.5,395.083,395.083,60818559
2021-05-26,395.675,396.375,394.632,395.867,395.867,45613994
2021-05-27,396.91,397.429,395.782,396.08,396.08,60031252
2021-05-28,397.668,397.925,396.548,396.787,396.787,61949965
2021-06-01,399.171,399.313,395.991,396.433,396.433,57394201
2021-06-02,397.104,397.905,396.08,397.065,397.065,51974585
2021-06-03,394.72,396.739,393.233,395.591,395.591,61546212
2021-06-04,397.455,399.504,395.647,399.2,399.2,59217300
2021-06-07,399.19,399.37,397.866,398.814,398.814,54576615
2021-06-08,399.687,399.781,397.055,398.893,398.893,49896767
2021-06-09,399.752,399.83,398.079,398.309,398.309,51275143
2021-06-10,399.542,401.123,398.212,400.156,400.156,54010381
2021-06-11,400.72,400.93,399.409,400.826,400.826,48241685
2021-06-14,400.93,401.812,399.677,401.705,401.705,44841061
2021-06-15,401.859,401.897,400.088,400.979,400.979,54527364
2021-06-16,401.123,401.352,396.671,398.738,398.738,85097422
2021-06-17,398.328,399.6,396.109,398.605,398.605,96280118
2021-06-18,395.294,395.991,393.024,393.233,393.233,125220926
2021-06-21,395.017,399.043,394.194,398.863,398.863,76837933
2021-06-22,398.854,401.832,398.124,400.998,400.998,60882292
2021-06-23,401.074,401.879,400.433,400.519,400.519,52172173
2021-06-24,402.683,403.314,402.424,402.883,402.883,47597977
2021-06-25,403.649,404.771,403.314,404.308,404.308,61335185
2021-06-28,404.836,405.296,403.639,405.122,405.122,56091164
2021-06-29,405.515,406.166,404.799,405.342,405.342,37954176
2021-06-30,404.873,406.376,404.844,405.687,405.687,68402909
2021-07-01,406.463,408.092,406.395,407.927,407.927,56388131
2021-07-02,409.114,411.411,408.022,411.047,411.047,60879512
2021-07-06,411.106,411.326,407.525,410.301,410.301,72499582
2021-07-07,410.99,412.042,408.961,411.754,411.754,67054008
2021-07-08,406.376,409.171,405.171,408.396,408.396,102977301
2021-07-09,409.926,413.067,408.204,412.761,412.761,80442901
2021-07-12,412.674,414.495,412.243,414.236,414.236,55806279
2021-07-13,413.432,414.962,412.56,412.828,412.828,55829203
2021-07-14,414.54,415.037,412.186,413.432,413.432,67666939
2021-07-15,412.091,412.771,410.099,412.032,412.032,58166404
2021-07-16,413.22,413.267,408.396,408.798,408.798,80058911
2021-07-19,403.927,408.865,399.917,402.76,402.76,156148016
2021-07-20,403.439,409.822,402.624,408.53,408.53,105101250
2021-07-21,409.747,411.985,408.482,411.842,411.842,68293735
2021-07-22,412.022,412.953,411.018,412.702,412.702,50518889
2021-07-23,414.656,417.287,413.958,416.943,416.943,67283166
2021-07-26,416.35,417.976,416.301,417.966,417.966,46130163
2021-07-27,416.913,416.943,413.201,416.073,416.073,71113876
2021-07-28,416.695,417.287,414.456,415.899,415.899,55366045
2021-07-29,416.828,418.714,416.819,417.623,417.623,50051251
2021-07-30,415.028,417.057,414.896,415.592,415.592,72753644
2021-08-02,417.325,417.881,414.358,414.724,414.724,62025011
2021-08-03,415.527,418.215,413.307,418.093,418.093,61255386
2021-08-04,416.791,418.064,415.805,416.043,416.043,49309346
2021-08-05,417.211,418.761,416.884,418.677,418.677,41118712
2021-08-06,419.0,419.787,418.714,419.356,419.356,49518049
2021-08-09,419.337,419.651,418.243,419.029,419.029,43495880
2021-08-10,419.47,420.265,418.79,419.536,419.536,45729300
2021-08-11,420.619,420.674,419.478,420.581,420.581,46462695
2021-08-12,420.436,421.988,419.517,421.853,421.853,41089969
2021-08-13,422.314,422.629,421.814,422.609,422.609,41646911
2021-08-16,421.297,423.738,419.718,423.604,423.604,78007918
2021-08-17,421.021,421.71,417.805,420.829,420.829,97784609
2021-08-18,419.804,421.385,415.986,416.233,416.233,94279408
2021-08-19,413.46,418.083,413.325,416.865,416.865,97930548
2021-08-20,417.22,420.514,416.725,420.187,420.187,75979766
2021-08-23,421.9,424.808,420.265,423.882,423.882,58004628
2021-08-24,424.56,425.106,424.034,424.56,424.56,40881363
2021-08-25,424.754,425.959,424.37,425.442,425.442,42764797
2021-08-26,425.174,425.404,422.839,422.935,422.935,61018691
2021-08-27,423.748,427.099,423.689,426.715,426.715,81494387
2021-08-30,427.405,429.386,427.155,428.59,428.59,51024112
2021-08-31,428.505,428.83,427.357,427.968,427.968,62570433
2021-09-01,428.896,429.426,427.948,428.199,428.199,51408207
2021-09-02,429.624,430.325,428.294,429.501,429.501,45192854
2021-09-03,428.361,429.921,427.958,429.396,429.396,49839190
2021-09-07,429.04,429.136,427.183,427.874,427.874,54521057
2021-09-08,427.327,428.075,425.404,427.347,427.347,59280163
2021-09-09,427.147,428.905,425.28,425.508,425.508,61167293
2021-09-10,427.47,427.901,422.046,422.167,422.167,94908532
2021-09-13,425.204,425.452,420.894,423.23,423.23,88356571
2021-09-14,424.706,424.916,420.054,420.953,420.953,82509466
2021-09-15,421.385,424.984,420.265,424.475,424.475,83137364
2021-09-16,423.94,424.936,420.811,423.796,423.796,82076427
2021-09-17,423.02,423.441,419.307,419.67,419.67,124556210
2021-09-20,413.469,415.075,407.746,412.674,412.674,175062854
2021-09-21,415.047,416.35,411.754,412.292,412.292,97316429
2021-09-22,414.588,418.37,412.396,416.301,416.301,107649077
2021-09-23,418.196,422.991,417.956,421.366,421.366,80351200
2021-09-24,419.708,422.781,419.488,422.065,422.065,65309648
2021-09-27,421.011,422.197,420.147,420.848,420.848,64548450
2021-09-28,418.045,418.379,411.633,412.377,412.377,137189333
2021-09-29,413.766,415.527,412.492,413.067,413.067,86591611
2021-09-30,414.558,415.268,407.669,408.012,408.012,147780341
2021-10-01,409.766,414.568,406.203,412.864,412.864,135931203
2021-10-04,411.689,412.598,405.371,407.535,407.535,135226359
2021-10-05,409.066,414.053,408.25,411.783,411.783,95377390
2021-10-06,408.138,413.698,406.502,413.486,413.486,118884219
2021-10-07,416.81,419.938,416.627,417.067,417.067,76187777
2021-10-08,417.842,418.234,415.668,416.301,416.301,78417436
2021-10-11,415.64,418.588,413.22,413.287,413.287,68610581
2021-10-12,414.227,414.636,411.476,412.283,412.283,74866397
2021-10-13,413.307,414.588,410.292,413.756,413.756,76752033
2021-10-14,417.469,420.866,416.992,420.714,420.714,73873168
2021-10-15,422.858,424.293,422.235,423.92,423.92,69690673
2021-10-18,422.12,425.517,421.451,425.184,425.184,65434168
2021-10-19,426.819,428.525,426.199,428.467,428.467,49429975
2021-10-20,428.915,430.447,428.801,430.14,430.14,52138018
2021-10-21,429.527,431.49,429.089,431.27,431.27,43443928
2021-10-22,430.829,432.286,428.84,430.82,430.82,61891652
2021-10-25,431.91,433.462,430.121,433.125,433.125,47555380
2021-10-26,434.688,435.921,433.135,433.518,433.518,58978270
2021-10-27,433.988,434.658,431.52,431.587,431.587,76188301
2021-10-28,433.041,435.837,433.032,435.76,435.76,54101021
2021-10-29,433.433,436.937,433.135,436.649,436.649,73794916
2021-11-01,437.646,438.019,435.645,437.398,437.398,50941178
2021-11-02,437.569,439.474,437.434,439.168,439.168,51440534
2021-11-03,438.592,442.248,438.142,441.847,441.847,55228395
2021-11-04,442.45,444.01,442.105,443.924,443.924,55583119
2021-11-05,446.182,447.484,443.933,445.463,445.463,69827775
2021-11-08,446.587,447.081,445.157,445.848,445.848,53014803
2021-11-09,446.22,446.459,442.947,444.374,444.374,53797272
2021-11-10,442.66,444.374,439.3,440.802,440.802,73024206
2021-11-11,442.306,442.383,440.918,440.938,440.938,36652693
2021-11-12,442.22,444.832,441.263,444.268,444.268,56234762
2021-11-15,445.57,445.733,443.282,444.422,444.422,49412802
2021-11-16,444.154,447.322,444.078,446.182,446.182,51386981
2021-11-17,445.913,446.095,444.471,445.091,445.091,50336038
2021-11-18,446.142,446.881,443.39,446.613,446.613,53246627
2021-11-19,446.498,447.752,445.433,445.809,445.809,60282950
2021-11-22,447.703,450.231,444.344,444.554,444.554,76529030
2021-11-23,444.221,446.011,441.589,445.138,445.138,76996631
2021-11-24,443.12,446.459,442.288,446.338,446.338,65061405
2021-11-26,439.576,441.062,435.233,436.382,436.382,118502837
2021-11-29,441.224,443.598,439.003,441.733,441.733,90735179
2021-11-30,439.26,441.186,432.887,433.135,433.135,156250915
2021-12-01,438.919,441.798,428.131,428.331,428.331,139344973
2021-12-02,428.544,436.477,428.15,434.88,434.88,134245897
2021-12-03,436.573,437.646,426.819,431.109,431.109,144441664
2021-12-06,433.683,438.104,431.242,436.208,436.208,104101857
2021-12-07,441.549,445.799,436.076,445.224,445.224,100428179
2021-12-08,445.628,446.872,443.857,446.409,446.409,75978767
2021-12-09,445.101,446.518,443.197,443.4,443.4,64444808
2021-12-10,446.132,447.713,443.55,447.561,447.561,81154520
2021-12-13,447.043,447.399,443.321,443.608,443.608,92266416
2021-12-14,440.296,442.813,437.598,440.553,440.553,102299745
2021-12-15,440.612,447.673,438.058,447.435,447.435,122951429
2021-12-16,449.312,449.6,441.924,443.492,443.492,122603687
2021-12-17,440.382,443.427,437.052,438.773,438.773,142157189
2021-12-20,433.636,434.515,430.447,434.113,434.113,112285292
2021-12-21,437.578,441.961,435.377,441.818,441.818,73162173
2021-12-22,441.559,446.356,441.358,446.24,446.24,61721350
2021-12-23,447.245,450.528,447.139,449.015,449.015,59153067
2021-12-27,450.403,455.419,450.355,455.37,455.37,59539674
2021-12-28,455.813,456.844,454.223,454.998,454.998,49547294
2021-12-29,455.101,456.604,454.088,455.58,455.58,57123175
2021-12-30,456.013,457.028,453.849,454.318,454.318,57988966
2021-12-31,453.82,454.988,452.902,453.169,453.169,68373698
2022-01-03,454.452,455.934,452.116,455.803,455.803,76161734
2022-01-04,457.237,457.965,453.763,455.647,455.647,74600569
2022-01-05,455.276,456.062,446.805,446.9,446.9,109564614
2022-01-06,446.429,449.227,444.078,446.478,446.478,91034613
2022-01-07,446.488,447.673,443.34,444.71,444.71,89203303
2022-01-10,441.473,444.374,435.654,444.154,444.154,125100276
2022-01-11,443.884,448.297,440.851,448.201,448.201,77875157
2022-01-12,449.963,451.493,447.425,449.417,449.417,70855552
2022-01-13,450.528,451.19,442.181,443.224,443.224,95556238
2022-01-14,440.039,443.761,438.802,443.409,443.409,100500872
2022-01-18,438.65,438.861,434.429,435.551,435.551,115154453
2022-01-19,437.119,438.526,430.756,431.032,431.032,114614897
2022-01-20,432.937,437.703,424.112,426.255,426.255,128263059
2022-01-21,425.125,427.51,417.861,417.89,417.89,211995363
2022-01-24,412.214,420.177,401.456,419.661,419.661,264635413
2022-01-25,413.191,419.546,407.554,414.54,414.54,176073739
2022-01-26,420.504,423.672,409.191,413.495,413.495,195351777
2022-01-27,418.158,421.337,409.756,411.456,411.456,157083656
2022-01-28,412.838,421.73,408.194,421.681,421.681,172363603
2022-01-31,421.001,429.624,419.633,429.269,429.269,159570861
2022-02-01,430.009,432.82,426.439,432.169,432.169,129076036
2022-02-02,434.612,437.109,432.267,436.372,436.372,123003041
2022-02-03,430.267,432.188,425.271,426.112,426.112,123698427
2022-02-04,425.874,432.01,423.47,428.122,428.122,124149004
2022-02-07,428.887,430.307,425.404,426.744,426.744,88533863
2022-02-08,426.235,431.193,424.799,430.257,430.257,84906662
2022-02-09,434.343,436.881,434.133,436.553,436.553,97041158
2022-02-10,430.639,436.717,426.686,428.706,428.706,146839151
2022-02-11,428.791,430.888,418.809,420.255,420.255,160580337
2022-02-14,419.738,421.347,415.372,418.886,418.886,128919746
2022-02-15,423.376,425.805,422.848,425.633,425.633,92921779
2022-02-16,423.566,427.5,421.671,426.112,426.112,88943373
2022-02-17,422.887,426.084,416.398,417.01,417.01,107175180
2022-02-18,417.268,418.54,412.013,414.309,414.309,139019659
2022-02-22,412.081,415.527,406.33,409.87,409.87,130371925
2022-02-23,412.82,413.383,402.021,402.595,402.595,138951647
2022-02-24,392.164,409.096,391.8,408.654,408.654,224228181
2022-02-25,409.908,417.757,408.233,417.671,417.671,127660168
2022-02-28,412.214,418.102,410.941,416.598,416.598,152615423
2022-03-01,415.085,417.116,407.515,410.253,410.253,144409919
2022-03-02,412.541,419.546,411.773,417.805,417.805,123386188
2022-03-03,420.265,420.876,413.899,415.728,415.728,110573674
2022-03-04,411.947,413.486,408.25,412.349,412.349,119567770
2022-03-07,411.754,412.473,400.127,400.194,400.194,144525891
2022-03-08,400.374,407.611,396.08,397.161,397.161,172694138
2022-03-09,405.639,409.812,403.429,407.804,407.804,122615056
2022-03-10,403.141,406.874,401.152,405.965,405.965,98490358
2022-03-11,408.482,409.104,400.29,400.806,400.806,100233959
2022-03-14,401.582,405.074,396.719,397.866,397.866,100331336
2022-03-15,400.519,407.258,399.228,406.626,406.626,111325565
2022-03-16,410.166,415.698,405.316,415.64,415.64,151923458
2022-03-17,413.698,420.839,413.316,420.839,420.839,107613026
2022-03-18,419.211,425.776,418.466,425.452,425.452,111111872
2022-03-21,425.28,427.308,421.776,425.327,425.327,92309533
2022-03-22,426.734,431.252,426.734,430.307,430.307,77996169
2022-03-23,427.739,429.251,424.677,424.764,424.764,82985916
2022-03-24,426.81,431.175,425.682,431.165,431.165,67638351
2022-03-25,431.807,433.548,429.194,433.271,433.271,80556948
2022-03-28,432.67,436.353,430.756,436.353,436.353,71601220
2022-03-29,440.286,442.248,437.569,441.75,441.75,90462062
2022-03-30,440.592,441.412,436.885,439.022,439.022,83237555
2022-03-31,438.248,439.08,431.807,432.267,432.267,127154449
2022-04-01,433.866,434.007,429.872,433.489,433.489,93039872
2022-04-04,433.693,437.31,432.859,437.204,437.204,62272272
2022-04-05,435.691,438.19,430.525,431.682,431.682,77540739
2022-04-06,427.719,429.673,424.448,427.367,427.367,111689057
2022-04-07,426.475,431.358,424.504,429.518,429.518,81597473
2022-04-08,428.755,431.3,426.81,428.371,428.371,82825655
2022-04-11,425.059,425.912,420.543,421.051,421.051,93793986
2022-04-12,424.074,426.629,417.919,419.488,419.488,88144750
2022-04-13,419.239,425.059,419.058,424.293,424.293,77390174
2022-04-14,424.521,425.653,418.906,419.009,419.009,102255887
2022-04-18,418.074,420.885,416.923,419.181,419.181,68960681
2022-04-19,419.078,426.677,418.906,425.95,425.95,81308893
2022-04-20,427.749,428.371,424.456,425.633,425.633,68147760
2022-04-21,429.297,430.706,418.35,419.268,419.268,89245668
2022-04-22,418.168,419.291,407.19,407.764,407.764,138409058
2022-04-25,405.496,410.301,400.873,410.128,410.128,125010271
2022-04-26,407.562,407.764,398.222,398.251,398.251,108657349
2022-04-27,399.341,404.78,397.205,399.37,399.37,127499283
2022-04-28,404.176,411.209,399.687,409.458,409.458,110175237
2022-04-29,405.42,407.602,393.571,394.327,394.327,152011890
2022-05-02,394.394,398.079,387.647,396.7,396.7,165407976
2022-05-03,397.205,400.959,395.628,398.519,398.519,104511379
2022-05-04,399.19,411.227,395.962,410.656,410.656,150712978
2022-05-05,406.338,406.769,391.877,396.06,396.06,180679660
2022-05-06,393.465,397.006,388.326,393.693,393.693,158573066
2022-05-09,387.721,388.976,379.491,381.091,381.091,162559319
2022-05-10,387.138,388.66,377.885,381.97,381.97,138435626
2022-05-11,380.993,386.709,375.146,375.902,375.902,148741506
2022-05-12,372.667,378.821,368.627,375.509,375.509,130697227
2022-05-13,379.691,385.886,378.639,384.488,384.488,108843441
2022-05-16,382.814,386.641,380.547,382.927,382.927,82146243
2022-05-17,389.091,391.044,385.315,390.804,390.804,86751040
2022-05-18,386.191,386.477,373.795,375.05,375.05,122948630
2022-05-19,371.949,377.233,370.505,372.754,372.754,102925892
2022-05-20,376.381,379.998,364.217,372.918,372.918,137322890
2022-05-23,375.979,380.667,373.634,379.894,379.894,79839736
2022-05-24,375.72,378.2,370.361,376.993,376.993,95547499
2022-05-25,375.481,382.315,375.078,380.322,380.322,95572612
2022-05-26,381.567,389.578,381.358,387.923,387.923,85851063
2022-05-27,390.412,397.56,390.211,397.446,397.446,88567980
2022-05-31,395.812,398.595,392.443,395.216,395.216,100236804
2022-06-01,397.362,398.386,389.476,392.019,392.019,90466524
2022-06-02,391.858,399.532,389.578,399.487,399.487,83177677
2022-06-03,394.71,396.279,391.943,392.93,392.93,75095632
2022-06-06,397.006,398.737,392.941,394.125,394.125,60086362
2022-06-07,390.594,398.367,390.123,397.905,397.905,61928916
2022-06-08,396.172,397.983,392.776,393.581,393.581,67234083
2022-06-09,391.78,394.079,384.219,384.219,384.219,90157240
2022-06-10,377.94,378.801,373.03,373.079,373.079,138850068
2022-06-13,363.556,365.432,357.286,358.916,358.916,177624352
2022-06-14,360.683,361.727,354.693,357.832,357.832,108673564
2022-06-15,361.172,367.433,356.156,362.934,362.934,131299089
2022-06-16,354.615,355.029,348.462,350.923,350.923,140500281
2022-06-17,351.346,355.066,348.135,351.681,351.681,115593664
2022-06-21,357.479,361.934,357.4,360.535,360.535,79908671
2022-06-22,356.258,364.044,355.834,359.881,359.881,93690334
2022-06-23,362.043,364.148,358.439,363.408,363.408,82488942
2022-06-24,366.619,374.973,366.587,374.963,374.963,102003411
2022-06-27,375.894,376.192,372.426,373.53,373.53,68670915
2022-06-28,375.106,377.924,365.782,365.898,365.898,90184883
2022-06-29,366.455,367.455,363.754,365.6,365.6,68323847
2022-06-30,361.659,365.906,358.122,362.629,362.629,117044250
2022-07-01,361.966,366.91,359.312,366.465,366.465,77857029
2022-07-05,361.313,367.178,358.449,367.158,367.158,84721285
2022-07-06,367.3,370.914,364.889,368.397,368.397,73265607
2022-07-07,370.195,374.724,368.414,373.916,373.916,67127399
2022-07-08,372.263,375.501,370.714,373.606,373.606,75316613
2022-07-11,370.896,371.877,368.637,369.338,369.338,60720115
2022-07-12,368.782,371.193,364.302,366.071,366.071,64727658
2022-07-13,360.565,367.119,360.139,364.148,364.148,87620320
2022-07-14,359.132,364.359,356.66,363.264,363.264,93321433
2022-07-15,367.724,370.32,365.792,370.204,370.204,82247847
2022-07-18,373.328,374.01,365.908,367.149,367.149,65751796
2022-07-19,371.118,377.645,370.454,377.067,377.067,81671084
2022-07-20,377.26,380.903,375.876,379.472,379.472,74740282
2022-07-21,378.884,383.383,376.452,383.335,383.335,67520573
2022-07-22,383.461,384.672,377.531,379.779,379.779,75108099
2022-07-25,380.412,381.106,377.972,380.242,380.242,55793736
2022-07-26,378.577,378.789,374.837,375.741,375.741,55081023
2022-07-27,379.076,387.267,378.779,385.498,385.498,85661878
2022-07-28,386.315,391.036,382.72,390.333,390.333,76948660
2022-07-29,391.784,397.023,391.006,396.023,396.023,90511384
2022-08-01,393.294,397.39,392.573,394.851,394.851,72819547
2022-08-02,393.264,396.994,391.054,392.246,392.246,65992933
2022-08-03,394.4,399.569,394.111,398.389,398.389,70554864
2022-08-04,398.302,399.005,396.456,398.117,398.117,47497302
2022-08-05,393.785,398.099,393.726,397.445,397.445,59105526
2022-08-08,399.158,401.436,395.869,396.985,396.985,56204120
2022-08-09,396.244,396.755,394.322,395.407,395.407,46743278
2022-08-10,402.549,403.858,400.571,403.713,403.713,71434096
2022-08-11,406.598,408.481,402.963,403.713,403.713,61888140
2022-08-12,405.674,410.655,404.714,410.547,410.547,64181870
2022-08-15,408.303,412.769,408.248,412.239,412.239,56227335
2022-08-16,411.153,414.998,410.337,413.047,413.047,61679385
2022-08-17,409.406,412.853,408.089,410.115,410.115,66126068
2022-08-18,410.318,411.999,409.01,411.309,411.309,50999666
2022-08-19,408.509,408.779,404.893,405.782,405.782,70759128
2022-08-22,400.887,401.06,396.418,397.331,397.331,80828082
2022-08-23,396.898,399.32,395.814,396.37,396.37,51085017
2022-08-24,396.141,399.023,395.447,397.638,397.638,51160497
2022-08-25,399.148,403.3,398.044,403.252,403.252,52996082
2022-08-26,403.137,403.685,389.544,389.602,389.602,107243116
2022-08-29,386.595,390.112,385.651,387.027,387.027,68006354
2022-08-30,388.201,388.44,380.651,382.778,382.778,89105678
2022-08-31,384.432,385.688,379.73,379.865,379.865,79094946
2022-09-01,377.664,381.403,374.924,381.057,381.057,81914634
2022-09-02,384.767,385.993,375.204,377.037,377.037,103649001
2022-09-06,377.895,378.846,373.367,375.615,375.615,79727177
2022-09-07,375.299,383.142,375.078,382.366,382.366,73825285
2022-09-08,380.067,385.326,378.846,384.864,384.864,84080155
2022-09-09,387.131,391.716,386.863,390.843,390.843,79799497
2022-09-12,392.938,395.774,392.63,395.044,395.044,72048455
2022-09-13,386.256,387.478,376.731,377.866,377.866,127903917
2022-09-14,379.183,380.847,375.962,379.308,379.308,88451635
2022-09-15,377.73,380.611,373.713,375.001,375.001,91166958
2022-09-16,370.775,372.81,368.815,372.145,372.145,106801045
2022-09-19,368.957,375.031,368.881,375.031,375.031,75920192
2022-09-20,371.663,372.684,367.931,370.726,370.726,80060655
2022-09-21,372.675,375.763,364.251,364.261,364.261,110594786
2022-09-22,363.476,365.136,360.445,361.199,361.199,92698145
2022-09-23,357.686,357.725,350.649,355.146,355.146,126757561
2022-09-26,353.659,357.327,350.397,351.635,351.635,95918814
2022-09-27,355.214,357.512,348.313,350.736,350.736,112198094
2022-09-28,351.7,359.345,349.983,357.637,357.637,114796656
2022-09-29,354.047,354.336,347.185,350.166,350.166,117024266
2022-09-30,349.201,353.178,344.619,344.75,344.75,159252560
2022-10-03,348.515,355.726,346.71,353.855,353.855,92992216
2022-10-04,359.441,364.847,353.814,364.818,364.818,107337673
2022-10-05,360.398,366.257,358.042,363.97,363.97,91240452
2022-10-06,362.549,365.543,359.712,360.214,360.214,85301681
2022-10-07,356.131,360.305,348.38,350.166,350.166,111675328
2022-10-10,351.296,351.537,345.226,347.493,347.493,78784120
2022-10-11,345.77,350.397,343.333,345.293,345.293,95816805
2022-10-12,345.705,347.298,343.902,344.152,344.152,79767367
2022-10-13,337.052,354.723,335.997,353.238,353.238,152563069
2022-10-14,355.726,357.377,344.54,345.186,345.186,128197754
2022-10-17,351.345,355.174,344.85,354.056,354.056,96526962
2022-10-18,362.078,362.386,354.733,358.217,358.217,100665588
2022-10-19,356.15,358.913,352.83,355.677,355.677,82621751
2022-10-20,355.224,359.702,351.924,352.695,352.695,91465708
2022-10-21,352.415,361.758,350.891,361.266,361.266,135762336
2022-10-24,362.81,366.835,360.128,365.686,365.686,88516922
2022-10-25,365.609,371.845,365.496,371.526,371.526,81688772
2022-10-26,368.341,374.094,368.081,368.727,368.727,107839715
2022-10-27,369.742,371.604,366.132,366.758,366.758,84926852
2022-10-28,366.653,375.966,366.469,375.484,375.484,103917861
2022-10-31,372.992,374.885,371.855,372.772,372.772,100114832
2022-11-01,376.565,376.805,369.952,371.141,371.141,88486557
2022-11-02,370.542,375.106,361.719,361.827,361.827,131568381
2022-11-03,358.54,361.179,355.959,358.1,358.1,90240089
2022-11-04,363.882,365.686,357.126,363.255,363.255,107236562
2022-11-07,364.568,367.327,362.465,366.728,366.728,70748703
2022-11-08,367.85,371.717,364.577,368.707,368.707,87692387
2022-11-09,366.709,367.878,360.611,361.113,361.113,81325245
2022-11-10,374.548,381.293,372.224,380.954,380.954,146555355
2022-11-11,381.826,385.453,379.914,384.644,384.644,97222816
2022-11-14,382.857,386.254,381.093,381.371,381.371,74484926
2022-11-15,387.192,388.311,380.764,384.624,384.624,96554128
2022-11-16,382.974,383.938,381.053,381.69,381.69,70978196
2022-11-17,376.875,381.208,376.565,380.525,380.525,77181858
2022-11-18,383.901,383.967,379.363,382.249,382.249,96272321
2022-11-21,380.908,382.047,378.998,380.862,380.862,53090515
2022-11-22,382.829,386.149,381.403,385.985,385.985,62607502
2022-11-23,385.647,388.909,385.416,388.417,388.417,70722471
2022-11-25,387.848,388.89,387.563,388.33,388.33,31646602
2022-11-28,385.203,386.864,381.362,382.135,382.135,70473945
2022-11-29,382.267,383.476,379.615,381.479,381.479,54195825
2022-11-30,381.729,393.496,379.789,393.496,393.496,149778306
2022-12-01,394.546,395.733,390.665,393.204,393.204,79152337
2022-12-02,388.253,393.667,388.147,392.751,392.751,88419351
2022-12-05,389.893,390.841,384.315,385.685,385.685,80076126
2022-12-06,385.522,386.073,378.012,380.125,380.125,80783129
2022-12-07,379.268,381.873,378.331,379.48,379.48,68304608
2022-12-08,381.391,383.533,379.584,382.453,382.453,62927524
2022-12-09,381.198,383.784,379.471,379.595,379.595,84383938
2022-12-12,380.395,385.068,379.722,385.068,385.068,78124228
2022-12-13,395.945,396.205,385.183,387.983,387.983,128244916
2022-12-14,387.636,391.391,382.52,385.503,385.503,112008782
2022-12-15,380.582,381.498,374.389,376.073,376.073,121949207
2022-12-16,373.485,374.837,369.471,371.634,371.634,123611103
2022-12-19,371.827,372.167,366.794,368.482,368.482,82379352
2022-12-20,367.715,370.623,366.377,368.985,368.985,76757804
2022-12-21,371.614,375.647,371.072,374.502,374.502,80615049
2022-12-22,371.418,374.487,363.392,369.16,369.16,103255972
2022-12-23,368.123,371.428,366.553,371.284,371.284,61731661
2022-12-27,371.166,371.516,368.123,369.821,369.821,53255143
2022-12-28,369.753,371.748,364.992,365.225,365.225,73131995
2022-12-29,368.103,372.68,367.57,371.798,371.798,69067957
2022-12-30,369.083,370.963,366.94,370.819,370.819,86653219
2023-01-03,372.699,374.698,366.359,369.257,369.257,77194556
2023-01-04,371.546,374.164,368.462,372.108,372.108,88624980
2023-01-05,370.13,370.246,367.26,367.861,367.861,79380657
2023-01-06,370.993,377.431,367.893,376.297,376.297,107452126
2023-01-09,378.517,381.747,375.899,376.084,376.084,76294570
2023-01-10,375.492,378.789,374.542,378.721,378.721,67404673
2023-01-11,380.32,383.588,379.497,383.51,383.51,71037975
2023-01-12,384.626,386.388,380.507,384.907,384.907,92980836
2023-01-13,381.668,386.982,381.398,386.401,386.401,65904976
2023-01-17,386.383,388.078,385.005,385.691,385.691,64639915
2023-01-18,386.895,387.972,379.399,379.603,379.603,102752079
2023-01-19,377.538,379.207,375.502,376.84,376.84,89681892
2023-01-20,378.255,384.015,376.588,383.86,383.86,94681118
2023-01-23,384.675,390.42,383.705,388.467,388.467,86814715
2023-01-24,386.768,388.97,385.567,388.048,388.048,61388833
2023-01-25,383.928,388.535,381.609,388.196,388.196,87455628
2023-01-26,390.889,392.625,387.884,392.46,392.46,74550984
2023-01-27,391.398,395.768,391.191,393.362,393.362,70486326
2023-01-30,390.57,392.83,388.126,388.427,388.427,76525530
2023-01-31,388.95,394.188,388.6,394.139,394.139,89530151
2023-02-01,392.907,401.111,390.132,398.328,398.328,104636178
2023-02-02,402.264,405.608,400.343,404.125,404.125,104837602
2023-02-03,399.092,404.308,398.609,399.83,399.83,97703304
2023-02-06,397.348,398.801,395.708,397.388,397.388,62183372
2023-02-07,396.456,403.844,395.195,402.583,402.583,93839967
2023-02-08,400.587,401.943,397.483,398.182,398.182,78614397
2023-02-09,401.828,401.982,393.49,394.73,394.73,81159056
2023-02-10,393.537,396.039,392.712,395.649,395.649,72985750
2023-02-13,396.31,400.432,395.846,400.295,400.295,66946197
2023-02-14,398.753,402.448,396.109,400.111,400.111,91157076
2023-02-15,397.89,401.488,397.038,401.411,401.411,63616850
2023-02-16,396.379,400.372,395.748,395.883,395.883,78824792
2023-02-17,393.731,395.136,391.782,394.892,394.892,92052774
2023-02-21,390.822,391.889,386.711,386.972,386.972,85244155
2023-02-22,387.39,388.95,384.965,386.438,386.438,86364542
2023-02-23,389.367,389.989,384.218,388.496,388.496,99256068
2023-02-24,383.414,385.188,381.688,384.345,384.345,111582340
2023-02-27,387.728,389.106,384.704,385.654,385.654,82963728
2023-02-28,385.17,387.157,384.123,384.227,384.227,99458379
2023-03-01,383.404,384.646,381.436,382.754,382.754,102828975
2023-03-02,380.758,386.585,380.417,385.731,385.731,88079032
2023-03-03,387.574,392.171,386.915,391.919,391.919,92941907
2023-03-06,392.751,395.079,391.742,392.19,392.19,75075429
2023-03-07,392.142,392.383,385.553,386.177,386.177,111702161
2023-03-08,386.294,387.574,384.549,386.808,386.808,77087197
2023-03-09,387.602,389.289,378.672,379.671,379.671,115450702
2023-03-10,379.117,381.223,372.65,374.194,374.194,195179136
2023-03-13,370.218,378.537,369.093,373.659,373.659,162730895
2023-03-14,378.643,381.505,375.298,379.835,379.835,154441601
2023-03-15,374.174,377.664,372.059,377.46,377.46,178414042
2023-03-16,375.076,384.433,374.561,384.084,384.084,148255354
2023-03-17,382.737,383.885,378.191,379.592,379.592,144403419
2023-03-20,380.379,383.661,379.67,383.241,383.241,95604746
2023-03-21,386.649,388.762,385.035,388.275,388.275,94031260
2023-03-22,388.099,391.758,381.616,381.656,381.656,114807520
2023-03-23,384.556,388.644,379.943,382.688,382.688,122620563
2023-03-24,381.395,385.287,379.018,385.199,385.199,110722139
2023-03-27,387.506,388.284,385.015,385.918,385.918,76037684
2023-03-28,385.218,385.918,383.194,385.052,385.052,64593847
2023-03-29,389.262,390.892,388.05,390.649,390.649,79620680
2023-03-30,393.316,393.569,391.048,392.937,392.937,71753092
2023-03-31,393.872,398.775,393.764,398.475,398.475,115132218
2023-04-03,397.95,400.402,397.55,399.993,399.993,69237059
2023-04-04,400.645,400.937,396.383,397.775,397.775,68425868
2023-04-05,397.035,397.802,395.059,396.733,396.733,66986193
2023-04-06,395.924,398.562,394.862,398.281,398.281,65489388
2023-04-10,395.77,398.766,395.146,398.69,398.69,65425379
2023-04-11,399.322,400.218,398.019,398.795,398.795,60922221
2023-04-12,400.888,401.181,396.577,397.172,397.172,88787586
2023-04-13,398.271,402.808,397.115,402.446,402.446,88165372
2023-04-14,401.804,404.022,399.127,401.463,401.463,80302482
2023-04-17,401.376,402.923,400.125,402.903,402.903,68256210
2023-04-18,404.502,404.635,401.775,403.166,403.166,65301018
2023-04-19,401.229,404.013,401.172,403.1,403.1,56740104
2023-04-20,400.247,402.67,399.332,400.898,400.898,77917761
2023-04-21,401.199,401.677,399.235,401.209,401.209,75469551
2023-04-24,401.005,402.057,399.653,401.629,401.629,66094265
2023-04-25,399.634,400.198,395.195,395.253,395.253,100444725
2023-04-26,395.875,396.966,393.014,393.579,393.579,82650636
2023-04-27,396.149,401.686,395.894,401.415,401.415,95514938
2023-04-28,400.519,404.85,400.461,404.841,404.841,91882869
2023-05-01,404.393,406.486,404.194,404.432,404.432,63823893
2023-05-02,403.711,403.76,396.946,399.886,399.886,106847187
2023-05-03,400.392,402.836,396.897,397.142,397.142,94038987
2023-05-04,396.082,396.412,392.975,394.328,394.328,97501393
2023-05-05,398.009,402.69,397.747,401.629,401.629,90299303
2023-05-08,401.959,402.221,400.315,401.735,401.735,51417638
2023-05-09,400.169,401.104,399.74,399.975,399.975,50568345
2023-05-10,402.845,403.483,397.969,401.844,401.844,98776447
2023-05-11,400.966,401.435,399.038,401.143,401.143,72078790
2023-05-12,402.399,402.612,398.163,400.615,400.615,72412163
2023-05-15,401.229,402.408,399.292,401.998,401.998,55776465
2023-05-16,400.879,401.809,399.302,399.312,399.312,59286151
2023-05-17,401.356,404.769,399.687,404.16,404.16,89677902
2023-05-18,403.839,408.481,403.615,408.053,408.053,99839051
2023-05-19,408.967,409.502,406.222,407.46,407.46,106636400
2023-05-22,407.48,409.182,406.222,407.623,407.623,62409323
2023-05-23,405.96,407.557,402.651,403.05,403.05,88749690
2023-05-24,401.425,401.814,398.952,400.13,400.13,91657399
2023-05-25,403.682,405.065,401.415,403.595,403.595,93453206
2023-05-26,404.256,409.55,404.179,408.822,408.822,96400144
2023-05-30,410.779,411.314,407.57,408.977,408.977,74194083
2023-05-31,407.129,408.043,405.123,406.709,406.709,113847111
2023-06-01,406.944,411.644,405.678,410.574,410.574,91299188
2023-06-02,413.182,417.309,412.647,416.51,416.51,93930496
2023-06-05,416.861,418.166,415.002,415.713,415.713,67253228
2023-06-06,415.294,417.15,414.632,416.618,416.618,65775856
2023-06-07,417.017,418.166,414.75,415.178,415.178,87711800
2023-06-08,415.247,418.146,414.468,417.689,417.689,63649840
2023-06-09,418.496,420.472,417.437,418.438,418.438,87993299
2023-06-12,419.431,422.313,418.701,422.234,422.234,78345509
2023-06-13,423.714,425.67,423.042,425.019,425.019,98526567
2023-06-14,425.358,427.355,422.031,425.524,425.524,103368023
2023-06-15,424.698,432.066,424.599,430.801,430.801,113324488
2023-06-16,432.809,433.385,428.855,429.333,429.333,116858871
2023-06-20,427.369,428.267,425.005,427.106,427.106,77956882
2023-06-21,426.109,426.921,424.321,424.917,424.917,78798161
2023-06-22,423.95,426.558,423.607,426.451,426.451,72303413
2023-06-23,422.954,425.035,422.504,423.227,423.227,94246454
2023-06-26,422.651,424.594,421.253,421.496,421.496,74541372
2023-06-27,422.386,426.743,421.927,426.119,426.119,74531278
2023-06-28,425.025,427.359,424.4,426.334,426.334,77420129
2023-06-29,425.914,428.18,425.502,428.013,428.013,69483558
2023-06-30,431.267,434.06,430.945,433.065,433.065,107439982
2023-07-03,432.714,433.846,432.431,433.563,433.563,33566930
2023-07-05,431.728,433.661,431.718,432.918,432.918,59796446
2023-07-06,429.293,429.958,426.988,429.527,429.527,82560925
2023-07-07,428.522,432.44,428.199,428.444,428.444,88165970
2023-07-10,428.083,429.705,427.501,429.527,429.527,63916461
2023-07-11,430.301,432.761,429.313,432.264,432.264,65984367
2023-07-12,436.103,437.167,434.657,435.741,435.741,94092906
2023-07-13,437.578,440.002,437.138,439.201,439.201,74133657
2023-07-14,440.093,440.959,438.153,438.927,438.927,71462686
2023-07-17,438.779,441.514,438.731,440.45,440.45,53922878
2023-07-18,440.118,444.379,439.677,443.723,443.723,82649103
2023-07-19,444.523,445.911,443.648,444.711,444.711,67445986
2023-07-20,443.703,444.612,441.036,441.758,441.758,72256806
2023-07-21,443.498,443.699,441.749,441.758,441.758,72956916
2023-07-24,442.922,444.553,441.875,443.733,443.733,55297722
2023-07-25,443.458,446.209,443.411,444.944,444.944,56493128
2023-07-26,443.997,446.458,442.932,445.014,445.014,72728929
2023-07-27,448.442,448.852,441.144,442.062,442.062,94369119
2023-07-28,445.376,447.232,442.064,446.389,446.389,81899163
2023-07-31,446.869,447.601,445.535,447.241,447.241,63503901
2023-08-01,445.754,446.712,444.994,445.961,445.961,56811423
2023-08-02,442.805,443.07,438.994,439.757,439.757,96149134
2023-08-03,437.716,440.402,437.061,438.496,438.496,65939268
2023-08-04,440.334,442.459,435.986,436.513,436.513,102490811
2023-08-07,438.369,440.475,437.666,440.324,440.324,59734040
2023-08-08,437.755,440.309,435.009,438.408,438.408,73044644
2023-08-09,438.682,438.848,434.705,435.477,435.477,80648117
2023-08-10,437.86,441.291,434.452,435.634,435.634,95199372
2023-08-11,433.737,436.406,433.126,435.38,435.38,70311230
2023-08-14,434.452,437.783,434.139,437.783,437.783,48996571
2023-08-15,435.986,436.347,432.107,432.685,432.685,77493375
2023-08-16,432.264,433.945,429.402,429.509,429.509,81996829
2023-08-17,430.993,431.258,425.709,426.235,426.235,97969019
2023-08-18,423.383,427.486,423.032,426.442,426.442,101183748
2023-08-21,427.466,429.968,425.289,429.215,429.215,70339947
2023-08-22,431.013,431.013,427.486,428.053,428.053,66597608
2023-08-23,429.127,433.444,428.98,432.819,432.819,70055454
2023-08-24,434.442,434.959,426.787,426.821,426.821,90605278
2023-08-25,428.571,431.13,424.977,429.831,429.831,104738818
2023-08-28,432.049,433.181,429.834,432.556,432.556,63048347
2023-08-29,432.448,439.091,432.264,438.809,438.809,85041709
2023-08-30,439.151,441.261,438.436,440.617,440.617,70682802
2023-08-31,441.242,442.395,439.787,439.972,439.972,67643411
2023-09-01,442.727,443.214,439.316,440.791,440.791,60334511
2023-09-05,440.343,440.665,438.819,438.888,438.888,56467508
2023-09-06,438.068,438.173,433.583,435.936,435.936,72427612
2023-09-07,432.898,435.282,432.546,434.599,434.599,72015018
2023-09-08,434.647,436.806,434.286,435.254,435.254,63532550
2023-09-11,437.91,438.427,436.18,438.115,438.115,61599688
2023-09-12,436.649,438.193,435.125,435.711,435.711,69159201
2023-09-13,435.936,437.393,434.822,436.219,436.219,61619293
2023-09-14,438.721,440.685,437.398,439.982,439.982,85398837
2023-09-15,438.376,438.71,434.239,434.681,434.681,114084765
2023-09-18,434.367,436.249,433.887,434.937,434.937,56866723
2023-09-19,434.004,434.603,431.317,434.033,434.033,67844303
2023-09-20,435.308,435.724,429.838,430.044,430.044,84213063
2023-09-21,427.161,427.425,422.779,422.936,422.936,106176745
2023-09-22,423.975,425.593,421.563,421.985,421.985,102845312
2023-09-25,420.76,423.798,420.317,423.76,423.76,72291345
2023-09-26,420.68,421.397,416.691,417.532,417.532,98090883
2023-09-27,418.72,419.289,414.014,417.701,417.701,106798961
2023-09-28,417.142,421.816,416.542,420.122,420.122,94102590
2023-09-29,423.21,423.386,417.562,419.103,419.103,117412442
2023-10-02,418.258,420.2,416.143,418.935,418.935,85473768
2023-10-03,416.731,418.997,411.945,413.327,413.327,105834825
2023-10-04,413.798,417.093,412.318,416.337,416.337,89201189
2023-10-05,416.043,417.034,412.915,416.181,416.181,71544927
2023-10-06,413.7,422.675,412.357,421.122,421.122,115537690
2023-10-09,419.199,424.397,418.642,423.817,423.817,81981079
2023-10-10,424.455,428.65,424.053,426.024,426.024,80178660
2023-10-11,427.103,428.023,424.691,427.769,427.769,63700172
2023-10-12,428.387,428.765,422.779,425.16,425.16,82776537
2023-10-13,426.68,427.897,421.455,423.043,423.043,97104242
2023-10-16,425.318,428.573,425.073,427.494,427.494,76941135
2023-10-17,424.328,429.552,423.975,427.474,427.474,76830480
2023-10-18,425.681,426.652,420.68,421.778,421.778,95430097
2023-10-19,422.504,424.337,417.382,418.073,418.073,123748254
2023-10-20,417.631,418.18,412.828,412.935,412.935,126397084
2023-10-23,411.387,416.133,409.612,412.22,412.22,93874915
2023-10-24,414.367,416.494,412.494,415.326,415.326,80134771
2023-10-25,413.622,413.65,408.842,409.367,409.367,96106759
2023-10-26,408.287,409.147,403.533,404.465,404.465,117458793
2023-10-27,406.073,406.475,401.19,402.631,402.631,109513996
2023-10-30,405.456,408.513,404.141,407.446,407.446,88293099
2023-10-31,408.023,410.328,406.091,410.004,410.004,81257690
2023-11-01,410.985,415.201,410.445,414.376,414.376,100028538
2023-11-02,418.219,422.469,418.199,422.319,422.319,96836777
2023-11-03,424.652,427.739,424.522,426.171,426.171,102170171
2023-11-06,426.935,427.602,425.18,427.151,427.151,69187643
2023-11-07,427.151,429.009,425.994,428.367,428.367,65540620
2023-11-08,428.974,429.504,426.348,428.68,428.68,62980356
2023-11-09,429.838,429.875,424.906,425.337,425.337,84837108
2023-11-10,427.435,432.288,425.332,431.975,431.975,91348357
2023-11-13,430.622,432.682,429.828,431.562,431.562,53280289
2023-11-14,437.573,441.24,437.348,439.935,439.935,99119543
2023-11-15,441.289,442.533,440.005,440.866,440.866,78873383
2023-11-16,440.417,441.73,439.337,441.406,441.406,67998474
2023-11-17,441.416,442.572,440.484,441.955,441.955,84856983
2023-11-20,441.701,446.205,441.691,445.359,445.359,71456074
2023-11-21,444.302,445.23,443.103,444.388,444.388,50229060
2023-11-22,446.063,447.435,444.995,446.101,446.101,60634935
2023-11-24,446.15,446.574,445.817,446.376,446.376,30331837
2023-11-27,445.74,446.564,445.18,445.573,445.573,51515621
2023-11-28,445.18,447.328,444.612,446.015,446.015,63356716
2023-11-29,448.19,449.337,445.299,445.701,445.701,64408307
2023-11-30,446.554,447.809,444.455,447.455,447.455,81346990
2023-12-01,446.838,450.641,446.24,450.102,450.102,90966213
2023-12-04,446.671,450.123,445.434,447.739,447.739,73878812
2023-12-05,446.339,448.622,445.956,447.651,447.651,71188669
2023-12-06,449.818,449.848,445.406,445.847,445.847,70506516
2023-12-07,447.956,449.907,447.346,449.25,449.25,68334713
2023-12-08,448.494,451.715,448.25,451.181,451.181,84857495
2023-12-11,450.681,453.112,450.466,452.935,452.935,66301669
2023-12-12,452.583,455.102,451.572,455.004,455.004,69693514
2023-12-13,455.386,461.534,455.024,461.279,461.279,95142625
2023-12-14,463.239,464.445,460.052,462.759,462.759,121405430
2023-12-15,462.155,463.346,460.124,461.997,461.997,143800342
2023-12-18,463.621,465.591,462.553,464.596,464.596,71492246
2023-12-19,465.147,467.5,465.068,467.421,467.421,56646828
2023-12-20,466.555,468.459,460.511,460.945,460.945,104554468
2023-12-21,463.966,465.586,461.515,465.316,465.316,88043007
2023-12-22,466.457,467.954,464.331,466.25,466.25,68226355
2023-12-26,466.664,469.134,466.584,468.219,468.219,56266025
2023-12-27,468.012,469.213,467.47,469.064,469.064,69079577
2023-12-28,469.429,470.088,468.819,469.243,469.243,78382731
2023-12-29,469.045,469.578,465.906,467.884,467.884,124223965
2024-01-02,464.783,466.27,463.14,465.266,465.266,124960111
2024-01-03,463.08,463.829,460.856,461.466,461.466,105229929
2024-01-04,460.984,463.601,459.752,459.98,459.98,85569059
2024-01-05,460.186,463.09,459.142,460.61,460.61,87485749
2024-01-08,461.111,467.334,460.984,467.185,467.185,76067517
2024-01-09,464.497,467.509,463.986,466.476,466.476,66977869
2024-01-10,466.752,469.989,466.466,469.114,469.114,68378960
2024-01-11,470.128,470.651,464.881,468.908,468.908,79177759
2024-01-12,470.373,471.123,467.805,469.233,469.233,58947386
2024-01-16,467.834,469.164,465.669,467.509,467.509,86364183
2024-01-17,464.448,465.403,462.53,464.911,464.911,69936526
2024-01-18,466.604,469.607,465.039,469.045,469.045,93314144
2024-01-19,470.188,475.178,469.091,474.892,474.892,112593592
2024-01-22,476.448,477.639,475.237,475.897,475.897,77048703
2024-01-23,476.448,477.525,475.345,477.285,477.285,50738003
2024-01-24,480.188,481.133,477.307,477.806,477.806,83062772
2024-01-25,479.958,480.677,477.806,480.404,480.404,73676069
2024-01-26,479.973,481.478,478.939,479.794,479.794,77858026
2024-01-29,480.109,483.737,479.558,483.595,483.595,62296035
2024-01-30,482.896,483.94,482.453,483.221,483.221,59548747
2024-01-31,480.987,481.439,475.316,475.335,475.335,128011046
2024-02-01,477.058,481.588,476.242,481.558,481.558,93350095
2024-02-02,481.999,488.301,481.655,486.627,486.627,100803092
2024-02-05,485.981,486.654,482.571,484.855,484.855,76959480
2024-02-06,485.809,486.597,484.362,486.262,486.262,56806114
2024-02-07,488.536,490.742,487.621,490.317,490.317,71676343
2024-02-08,490.317,490.918,489.491,490.534,490.534,53174407
2024-02-09,491.047,493.812,490.702,493.369,493.369,64994823
2024-02-12,493.34,495.633,492.424,493.153,493.153,57399058
2024-02-13,486.804,489.323,483.048,486.361,486.361,114894252
2024-02-14,489.028,491.273,486.675,490.781,490.781,69473244
2024-02-15,491.489,494.354,491.002,494.167,494.167,62661961
2024-02-16,493.862,495.012,490.958,491.706,491.706,76731748
2024-02-20,489.943,490.623,486.725,488.998,488.998,72875309
2024-02-21,487.68,489.601,485.849,489.442,489.442,60549772
2024-02-22,496.136,500.546,495.161,499.571,499.571,77615157
2024-02-23,501.313,502.16,499.177,499.916,499.916,62295087
2024-02-26,500.358,500.802,497.955,498.085,498.085,51186451
2024-02-27,498.785,499.236,496.865,499.01,499.01,49629922
2024-02-28,497.435,498.936,497.07,498.35,498.35,57403479
2024-02-29,500.132,501.776,497.455,500.142,500.142,85256807
2024-03-01,501.028,505.27,500.614,504.838,504.838,78064486
2024-03-04,504.031,506.167,504.001,504.296,504.296,50589645
2024-03-05,502.269,502.721,497.021,499.256,499.256,74011950
2024-03-06,502.574,504.068,500.477,501.785,501.785,69467697
2024-03-07,505.123,507.83,501.84,506.767,506.767,59582981
2024-03-08,507.406,510.124,503.144,503.725,503.725,87905936
2024-03-11,502.505,503.883,500.556,503.291,503.291,63550059
2024-03-12,505.428,509.296,502.879,508.705,508.705,74274874
2024-03-13,509.03,509.209,506.452,507.91,507.91,55978672
2024-03-14,508.894,509.045,503.824,506.905,506.905,111920411
2024-03-15,503.799,505.27,501.738,503.424,503.424,109016103
2024-03-18,507.542,509.002,506.0,506.416,506.416,90024504
2024-03-19,505.714,509.512,504.697,509.231,509.231,61528377
2024-03-20,509.288,514.079,508.607,513.939,513.939,70480169
2024-03-21,516.814,517.525,515.353,515.639,515.639,61022875
2024-03-22,515.55,516.037,514.424,514.661,514.661,80077023
2024-03-25,513.268,514.405,513.081,513.24,513.24,49129427
2024-03-26,514.681,515.027,511.886,512.291,512.291,66296774
2024-03-27,515.154,516.635,512.957,516.596,516.596,84055954
2024-03-28,516.635,518.018,516.212,516.498,516.498,97520245
2024-04-01,517.247,517.791,514.424,515.599,515.599,63272571
2024-04-02,511.728,512.459,509.99,512.321,512.321,75174893
2024-04-03,511.215,514.405,511.161,512.884,512.884,59908520
2024-04-04,516.941,517.285,506.312,506.623,506.623,98090599
2024-04-05,507.996,513.901,507.552,511.915,511.915,75495092
2024-04-08,512.627,513.643,511.383,512.202,512.202,49017667
2024-04-09,513.959,514.207,507.888,512.795,512.795,68991272
2024-04-10,507.028,509.674,505.655,507.66,507.66,83704568
2024-04-11,509.201,512.952,505.645,511.492,511.492,70991021
2024-04-12,507.908,509.333,502.683,504.431,504.431,93738940
2024-04-15,508.656,508.826,497.253,498.112,498.112,93273444
2024-04-16,498.595,500.136,495.9,497.204,497.204,74419109
2024-04-17,499.692,499.859,492.849,494.261,494.261,76876268
2024-04-18,495.672,497.796,492.295,493.244,493.244,75496714
2024-04-19,493.165,494.167,487.654,488.939,488.939,103397766
2024-04-22,491.575,496.067,489.205,493.441,493.441,68825857
2024-04-23,495.475,499.731,493.256,499.296,499.296,65456087
2024-04-24,500.195,500.994,496.808,499.06,499.06,56639764
2024-04-25,492.908,497.933,491.239,497.164,497.164,70001954
2024-04-26,499.988,503.473,499.346,501.874,501.874,65124417
2024-04-29,503.681,504.333,500.877,503.651,503.651,47006088
2024-04-30,502.17,503.157,495.672,495.672,495.672,78469549
2024-05-01,495.08,501.804,493.585,494.063,494.063,81263934
2024-05-02,497.816,499.533,493.274,498.684,498.684,63346134
2024-05-03,504.737,506.11,502.17,504.866,504.866,73682543
2024-05-06,507.294,510.119,506.85,510.079,510.079,47866149
2024-05-07,511.057,512.054,509.96,510.642,510.642,53230145
2024-05-08,508.786,511.235,508.666,510.691,510.691,42582267
2024-05-09,510.879,513.671,510.212,513.633,513.633,44199036
2024-05-10,515.253,516.067,513.061,514.295,514.295,52897841
2024-05-13,515.995,516.102,513.21,514.365,514.365,37183579
2024-05-14,514.562,517.247,514.019,516.724,516.724,58268014
2024-05-15,519.224,523.419,518.581,523.123,523.123,60262100
2024-05-16,523.221,524.844,521.898,522.047,522.047,50884195
2024-05-17,522.166,522.866,520.694,522.798,522.798,59940751
2024-05-20,522.915,524.881,522.52,523.4,523.4,38244758
2024-05-21,522.629,524.842,522.423,524.683,524.683,33862489
2024-05-22,523.983,524.703,520.97,523.172,523.172,49005733
2024-05-23,526.263,526.372,518.127,519.351,519.351,57939213
2024-05-24,521.219,523.607,520.26,522.788,522.788,41816507
2024-05-28,523.607,523.844,520.487,523.153,523.153,36731135
2024-05-29,519.075,520.684,518.769,519.49,519.49,45765373
2024-05-30,517.929,518.601,514.78,516.042,516.042,47059825
2024-05-31,517.01,520.873,511.847,520.743,520.743,91941010
2024-06-03,522.373,522.659,516.033,521.169,521.169,47431689
2024-06-04,519.846,522.502,518.364,521.751,521.751,35073364
2024-06-05,524.101,527.972,522.082,527.952,527.952,48216210
2024-06-06,528.258,528.692,525.987,527.942,527.942,31200570
2024-06-07,526.955,530.144,525.843,527.3,527.3,43774560
2024-06-10,526.48,529.255,525.877,528.929,528.929,36183909
2024-06-11,527.36,530.262,525.365,530.203,530.203,36846392
2024-06-12,534.825,537.283,533.512,534.557,534.557,64056182
2024-06-13,536.325,536.498,532.811,535.634,535.634,45330535
2024-06-14,534.084,535.989,533.067,535.96,535.96,40600041
2024-06-17,535.268,541.637,534.803,540.226,540.226,56550017
2024-06-18,540.285,541.727,539.86,541.598,541.598,41902934
2024-06-20,542.536,543.208,538.33,540.127,540.127,71223157
2024-06-21,539.294,540.532,537.926,539.403,539.403,65124701
2024-06-24,539.224,541.82,537.53,537.649,537.649,45959737
2024-06-25,538.887,540.086,537.352,539.719,539.719,38635732
2024-06-26,538.59,541.117,537.936,540.393,540.393,38915649
2024-06-27,540.255,541.83,539.502,541.245,541.245,35373266
2024-06-28,542.028,545.119,537.857,539.115,539.115,76865501
2024-07-01,540.512,540.76,537.431,540.225,540.225,40679365
2024-07-02,538.6,543.86,538.55,543.86,543.86,40817644
2024-07-03,543.544,546.654,543.504,546.287,546.287,33100378
2024-07-05,546.594,549.843,545.95,549.438,549.438,41881217
2024-07-08,550.23,551.033,548.992,550.072,550.072,36452358
2024-07-09,551.042,551.954,550.31,550.607,550.607,27572745
2024-07-10,551.845,556.402,551.548,556.055,556.055,39067658
2024-07-11,556.174,557.056,550.617,551.26,551.26,53556521
2024-07-12,552.4,558.383,551.924,554.738,554.738,53587028
2024-07-15,556.759,559.539,554.381,556.263,556.263,40968560
2024-07-16,557.585,559.858,556.828,559.561,559.561,36820621
2024-07-17,553.559,555.252,551.389,551.716,551.716,57659780
2024-07-18,553.272,554.272,545.267,547.476,547.476,56803182
2024-07-19,547.238,548.883,542.771,543.841,543.841,66129346
2024-07-22,547.813,550.062,545.851,549.448,549.448,43757143
2024-07-23,549.339,551.513,548.086,548.586,548.586,34765648
2024-07-24,543.712,544.019,535.222,536.153,536.153,75220805
2024-07-25,536.272,542.32,532.409,533.36,533.36,61737358
2024-07-26,537.193,542.058,536.412,539.334,539.334,54272844
2024-07-29,540.898,541.919,537.629,539.651,539.651,39889975
2024-07-30,541.137,542.206,533.465,536.916,536.916,47297260
2024-07-31,543.832,548.308,542.444,545.643,545.643,66285114
2024-08-01,547.388,549.665,534.37,537.917,537.917,77152389
2024-08-02,530.725,531.953,523.642,527.901,527.901,83572949
2024-08-05,506.841,518.668,505.484,512.527,512.527,147652307
2024-08-06,514.35,524.782,513.013,517.252,517.252,85629480
2024-08-07,523.513,526.604,513.193,513.795,513.795,71367739
2024-08-08,518.995,526.307,516.945,525.673,525.673,63875716
2024-08-09,524.841,529.497,523.602,527.991,527.991,46051501
2024-08-12,529.2,530.705,525.97,528.268,528.268,42944873
2024-08-13,531.498,537.193,531.25,536.956,536.956,52828582
2024-08-14,537.758,539.848,535.054,538.65,538.65,42848833
2024-08-15,544.346,548.169,543.732,547.882,547.882,61422933
2024-08-16,546.247,549.814,546.09,549.111,549.111,44851415
2024-08-19,549.526,554.361,548.665,554.361,554.361,39492213
2024-08-20,553.906,555.579,552.098,553.46,553.46,34051654
2024-08-21,554.519,556.838,549.526,555.362,555.362,41907676
2024-08-22,557.283,557.897,549.775,551.003,551.003,56652835
2024-08-23,554.281,557.808,552.063,556.858,556.858,51118866
2024-08-26,557.897,558.621,553.807,555.53,555.53,36127469
2024-08-27,554.242,556.789,553.083,556.293,556.293,33003456
2024-08-28,555.946,556.382,549.833,553.063,553.063,41454853
2024-08-29,555.055,558.393,551.954,553.113,553.113,39081746
2024-08-30,555.51,558.908,551.914,558.393,558.393,63293779
2024-09-03,555.213,555.55,544.356,546.901,546.901,61173898
2024-09-04,545.039,549.229,544.306,545.783,545.783,47672083
2024-09-05,545.723,548.604,541.968,544.455,544.455,44683369
2024-09-06,544.782,546.427,534.38,535.291,535.291,69142331
2024-09-09,539.541,542.573,537.59,541.285,541.285,40828778
2024-09-10,543.217,543.999,538.283,543.642,543.642,36739177
2024-09-11,543.553,550.151,534.895,549.219,549.219,75961091
2024-09-12,549.804,554.153,547.555,553.846,553.846,52384075
2024-09-13,554.461,557.75,554.203,556.739,556.739,39682708
2024-09-16,556.471,557.828,554.648,557.56,557.56,37003196
2024-09-17,559.799,561.266,555.535,557.789,557.789,49787960
2024-09-18,558.453,563.356,555.569,556.135,556.135,59603997
2024-09-19,565.654,567.507,562.752,565.624,565.624,76028586
2024-09-20,564.239,565.7,561.586,564.646,564.646,77997763
2024-09-23,565.73,566.716,564.497,566.058,566.058,44398492
2024-09-24,566.862,567.737,564.0,567.677,567.677,47104402
2024-09-25,567.518,568.263,565.302,566.425,566.425,38673852
2024-09-26,570.738,571.066,566.286,568.671,568.671,48644502
2024-09-27,569.754,570.578,566.802,567.846,567.846,42369631
2024-09-30,566.802,570.738,564.477,570.121,570.121,64061720
2024-10-01,569.764,570.422,562.411,565.014,565.014,73132576
2024-10-02,564.11,566.286,561.685,565.252,565.252,38340952
2024-10-03,563.762,566.189,561.904,564.219,564.219,41107163
2024-10-04,568.721,569.724,564.497,569.346,569.346,43279660
2024-10-07,567.677,568.333,563.037,564.199,564.199,50283583
2024-10-08,566.802,570.141,565.918,569.535,569.535,37637385
2024-10-09,569.525,574.047,568.919,573.479,573.479,38154213
2024-10-10,572.118,573.917,570.846,572.476,572.476,44419765
2024-10-11,572.397,576.65,572.258,575.904,575.904,42537763
2024-10-14,577.534,581.558,577.047,580.614,580.614,36448366
2024-10-15,580.883,581.19,574.876,576.103,576.103,54549583
2024-10-16,576.103,579.133,575.288,578.607,578.607,30921537
2024-10-17,582.194,582.403,578.468,578.657,578.657,34613227
2024-10-18,580.366,581.678,578.885,580.883,580.883,37655608
2024-10-21,580.147,581.141,576.918,579.929,579.929,36671577
2024-10-22,577.365,580.793,576.7,579.621,579.621,34402008
2024-10-23,577.574,578.02,570.772,574.325,574.325,49629317
2024-10-24,576.302,576.382,572.913,575.566,575.566,35203114
2024-10-25,577.822,580.753,574.414,575.368,575.368,47569858
2024-10-28,578.885,579.015,576.838,577.146,577.146,30367290
2024-10-29,576.172,579.21,574.761,578.081,578.081,43173462
2024-10-30,577.604,579.621,575.616,576.332,576.332,41700297
2024-10-31,571.91,571.98,564.835,565.034,565.034,60566557
2024-11-01,567.697,571.9,567.001,567.419,567.419,45958999
2024-11-04,567.557,568.869,564.289,566.196,566.196,38460889
2024-11-05,567.12,573.083,566.902,573.043,573.043,39730287
2024-11-06,585.463,588.176,581.678,587.292,587.292,68617130
2024-11-07,589.319,592.866,589.239,591.833,591.833,47534671
2024-11-08,592.389,595.837,592.384,594.396,594.396,46741321
2024-11-11,596.006,596.364,593.214,594.963,594.963,37826665
2024-11-12,594.883,595.489,590.601,593.114,593.114,43280608
2024-11-13,593.582,595.429,591.187,593.402,593.402,47691091
2024-11-14,593.532,594.019,588.891,589.587,589.587,39152409
2024-11-15,585.98,586.457,580.157,582.036,582.036,76473754
2024-11-18,582.502,585.751,581.628,584.42,584.42,37320765
2024-11-19,581.002,587.297,580.326,586.556,586.556,49727411
2024-11-20,586.636,587.044,580.922,586.755,586.755,50351902
2024-11-21,589.637,591.346,583.725,589.905,589.905,47048662
2024-11-22,589.895,592.37,589.39,591.733,591.733,38470364
2024-11-25,595.717,597.049,591.425,593.74,593.74,42712269
2024-11-26,595.003,597.516,594.277,596.841,596.841,45912459
2024-11-27,596.652,597.039,593.492,595.033,595.033,34217164
2024-11-29,595.857,599.524,595.579,598.728,598.728,30369953
2024-12-02,599.146,600.487,598.65,599.802,599.802,31948603
2024-12-03,599.563,600.329,598.521,600.08,600.08,27078356
2024-12-04,601.789,604.054,601.113,603.806,603.806,43060646
2024-12-05,603.806,604.621,602.46,602.812,602.812,28945753
2024-12-06,603.588,605.207,603.17,603.956,603.956,31440944
2024-12-09,603.836,604.005,600.249,600.845,600.845,34964478
2024-12-10,601.531,601.958,598.312,598.977,598.977,37472159
2024-12-11,601.938,604.577,601.66,603.608,603.608,28860754
2024-12-12,602.733,603.31,600.497,600.497,600.497,31745136
2024-12-13,602.554,603.28,598.987,600.378,600.378,36133887
2024-12-16,602.157,603.925,601.371,602.942,602.942,43974057
2024-12-17,600.359,601.332,599.061,600.457,600.457,56129512
2024-12-18,600.149,602.559,582.174,582.562,582.562,108939612
2024-12-19,587.61,589.239,582.134,582.383,582.383,86467821
2024-12-20,580.026,593.964,579.168,589.378,589.378,126094748
2024-12-23,589.118,593.515,585.899,592.907,592.907,57809159
2024-12-24,594.273,599.537,593.685,599.497,599.497,33259821
2024-12-26,597.702,600.674,596.289,599.537,599.537,41463211
2024-12-27,595.748,595.984,588.993,593.226,593.226,65164695
2024-12-30,586.127,589.966,582.658,586.456,586.456,56748909
2024-12-31,588.136,588.869,582.668,584.323,584.323,57224231
2025-01-02,587.623,589.358,578.759,582.887,582.887,50354956
2025-01-03,585.768,590.823,584.672,590.175,590.175,38002403
2025-01-06,594.482,597.902,591.82,593.575,593.575,47822830
2025-01-07,595.629,595.958,585.021,586.865,586.865,60574675
2025-01-08,586.935,588.809,583.44,587.723,587.723,47446933
2025-01-10,584.123,584.193,576.815,578.749,578.749,73324898
2025-01-13,574.044,580.006,573.625,579.647,579.647,48054142
2025-01-14,582.608,583.246,576.616,580.444,580.444,48566197
2025-01-15,588.555,592.159,587.428,591.003,591.003,57071277
2025-01-16,592.393,592.568,589.158,589.866,589.866,43449939
2025-01-17,595.17,597.563,593.824,595.788,595.788,58245266
2025-01-21,598.869,601.252,596.875,601.242,601.242,42660764
2025-01-22,604.103,605.998,603.545,604.622,604.622,48340915
2025-01-23,603.984,607.922,603.704,607.922,607.922,41275860
2025-01-24,607.982,608.949,604.981,606.147,606.147,34708761
2025-01-27,593.027,597.892,592.857,597.573,597.573,70572725
2025-01-28,598.819,603.555,595.459,602.707,602.707,44566948
2025-01-29,601.91,602.319,597.423,600.006,600.006,37289234
2025-01-30,602.149,604.781,598.914,603.226,603.226,39399387
2025-01-31,605.679,608.131,599.248,600.016,600.016,66871975
2025-02-03,590.893,598.49,588.72,595.978,595.978,66055304
2025-02-04,596.038,600.494,595.489,599.976,599.976,33558434
2025-02-05,598.839,602.558,596.785,602.408,602.408,30745333
2025-02-06,604.173,604.634,600.823,604.502,604.502,35879080
2025-02-07,605.07,606.307,598.251,598.969,598.969,50941255
2025-02-10,602.219,603.684,600.933,603.036,603.036,26127051
2025-02-11,600.743,604.043,600.624,603.495,603.495,30147131
2025-02-12,597.403,602.737,596.715,601.551,601.551,45211635
2025-02-13,602.668,608.111,601.391,607.902,607.902,41044361
2025-02-14,608.111,609.158,607.244,607.872,607.872,26991377
2025-02-18,609.048,609.657,606.556,609.657,609.657,26829473
2025-02-19,608.251,611.391,607.732,611.092,611.092,31104333
2025-02-20,609.706,609.85,605.2,608.55,608.55,36663932
2025-02-21,608.331,608.47,597.673,598.141,598.141,76749940
2025-02-24,600.215,601.222,594.702,595.399,595.399,50889797
2025-02-25,595.36,596.097,587.792,592.458,592.458,58441699
2025-02-26,594.143,597.782,590.081,592.757,592.757,43451861
2025-02-27,595.06,596.227,582.897,583.296,583.296,74419799
2025-02-28,583.804,592.937,580.694,592.398,592.398,89010991
2025-03-03,594.392,595.549,578.161,582.02,582.02,74472492
2025-03-04,577.972,583.635,570.534,575.13,575.13,109977963
2025-03-05,574.961,583.126,571.361,581.312,581.312,71444743
2025-03-06,573.755,578.434,568.411,570.993,570.993,80335741
2025-03-07,569.188,575.659,563.934,574.193,574.193,81402889
2025-03-10,565.888,567.832,553.924,558.899,558.899,99625334
2025-03-11,557.723,562.329,550.365,554.253,554.253,88367063
2025-03-12,560.484,561.422,552.03,557.194,557.194,69797443
2025-03-13,556.815,557.429,548.032,549.767,549.767,74302197
2025-03-14,554.443,562.139,549.838,561.123,561.123,62848762
2025-03-17,561.103,568.002,560.664,565.449,565.449,49156095
2025-03-18,563.107,563.326,557.384,559.338,559.338,66240031
2025-03-19,561.142,569.238,559.946,565.43,565.43,66756142
2025-03-20,561.641,568.859,560.914,563.794,563.794,63147532
2025-03-21,559.28,564.89,558.03,563.98,563.98,83762964
2025-03-24,570.8,575.15,570.2,574.08,574.08,58766795
2025-03-25,575.3,576.41,573.69,575.46,575.46,38355735
2025-03-26,575.19,576.33,567.19,568.59,568.59,52228898
2025-03-27,567.18,570.9,564.94,567.08,567.08,42164248
2025-03-28,565.53,566.267,555.07,555.66,555.66,71662653
2025-03-31,549.83,560.711,546.87,559.39,559.39,95328213
2025-04-01,557.45,562.94,553.68,560.97,560.97,54609641
2025-04-02,555.05,567.42,554.81,564.52,564.52,76014544
2025-04-03,545.11,547.97,536.7,536.7,536.7,125985998
2025-04-04,523.67,525.87,505.06,505.28,505.28,217965131
2025-04-07,489.19,523.17,481.8,504.38,504.38,256611355
2025-04-08,521.86,524.98,489.16,496.48,496.48,165816581
2025-04-09,493.44,548.62,493.05,548.62,548.62,241867317
2025-04-10,532.17,533.495,509.32,524.58,524.58,162331225
2025-04-11,523.01,536.43,520.07,533.94,533.94,97866334
2025-04-14,544.05,544.28,533.86,539.12,539.12,68033993
2025-04-15,539.675,543.23,536.81,537.61,537.61,56892874
2025-04-16,531.68,537.885,520.29,525.66,525.66,83484814
2025-04-17,527.64,531.165,523.91,526.41,526.41,79868083
2025-04-21,521.16,521.7,508.46,513.88,513.88,69368129
2025-04-22,520.14,529.305,519.192,527.25,527.25,75948117
2025-04-23,540.43,545.43,533.88,535.42,535.42,90590658
2025-04-24,536.715,547.43,535.45,546.69,546.69,64150418
2025-04-25,546.65,551.05,543.69,550.64,550.64,61119590
2025-04-28,551.39,553.55,545.02,550.85,550.85,47613755
2025-04-29,548.91,555.45,548.55,554.32,554.32,47775121
2025-04-30,547.57,556.52,541.52,554.54,554.54,93101463
2025-05-01,560.37,564.069,557.86,558.47,558.47,63186146
2025-05-02,564.73,568.38,562.38,566.76,566.76,60717270
2025-05-05,562.57,566.65,561.7,563.51,563.51,38659222
2025-05-06,557.93,563.347,556.96,558.8,558.8,48264708
2025-05-07,560.15,563.82,556.04,561.15,561.15,55733229
2025-05-08,565.24,570.31,561.7,565.06,565.06,65130787
2025-05-09,566.48,567.5,562.763,564.34,564.34,37603427
2025-05-12,581.47,583.0,577.04,582.99,582.99,78993570
2025-05-13,583.41,589.08,582.84,586.84,586.84,67947225
2025-05-14,587.81,588.98,585.535,587.59,587.59,66283531
2025-05-15,585.56,590.97,585.096,590.46,590.46,71268145
2025-05-16,591.25,594.5,589.28,594.2,594.2,76052101
2025-05-19,588.1,595.54,588.1,594.85,594.85,68168509
2025-05-20,593.09,594.05,589.6,592.85,592.85,60614492
2025-05-21,588.44,592.58,581.82,582.86,582.86,95197657
2025-05-22,582.66,586.62,581.405,583.09,583.09,70860417
2025-05-23,575.98,581.8101,575.6,579.11,579.11,76029046
2025-05-27,586.07,591.31,578.43,591.15,591.15,72588475
2025-05-28,591.56,592.7688,586.985,587.73,587.73,68445512
2025-05-29,593.06,593.2,586.07,590.05,590.05,70073758
2025-05-30,588.93,591.1299,583.235,589.39,589.39,90601242
2025-06-02,587.76,592.79,585.06,592.71,592.71,61630502
2025-06-03,592.34,597.08,591.85,596.09,596.09,63606204
2025-06-04,596.96,597.95,595.49,595.93,595.93,57314199
2025-06-05,597.63,599.0,591.05,593.05,593.05,92436397
2025-06-06,598.66,600.83,596.86,599.14,599.14,66588743
2025-06-09,599.72,601.25,598.49,599.68,599.68,53016418
2025-06-10,600.22,603.47,599.09,603.08,603.08,66246973
2025-06-11,604.19,605.06,599.27,601.36,601.36,73658225
2025-06-12,600.01,603.75,599.52,603.75,603.75,64129003
2025-06-13,598.5,601.85,595.48,597.0,597.0,89505996
2025-06-16,600.4,604.45,600.22,602.68,602.68,79984125
2025-06-17,600.21,601.75,596.76,597.53,597.53,82209365
2025-06-18,598.44,601.22,596.47,597.44,597.44,76605029
2025-06-20,598.38,599.46,592.86,594.28,594.28,94051374
2025-06-23,595.04,600.54,591.89,600.15,600.15,87426039
2025-06-24,604.33,607.8499,603.41,606.78,606.78,67735293
2025-06-25,607.91,608.61,605.54,607.12,607.12,62114767
2025-06-26,608.99,612.31,608.37,611.87,611.87,78548361
2025-06-27,612.88,616.39,610.83,614.91,614.91,86258398
2025-06-30,617.38,619.22,615.04,617.85,617.85,92502541
2025-07-01,616.36,618.83,615.52,617.65,617.65,70030140
2025-07-02,617.24,620.49,616.61,620.45,620.45,66510374
2025-07-03,622.45,626.28,622.43,625.34,625.34,51065789
2025-07-07,623.36,624.03,617.87,620.68,620.68,74814505
2025-07-08,621.35,622.11,619.52,620.34,620.34,59024585
2025-07-09,622.77,624.72,620.9105,624.06,624.06,66113326
2025-07-10,624.2,626.8701,623.01,625.82,625.82,57528960
2025-07-11,622.74,624.86,621.53,623.62,623.62,63670226
2025-07-14,623.16,625.1581,621.7999,624.81,624.81,51898518
2025-07-15,627.52,627.86,622.06,622.14,622.14,74317260
2025-07-16,623.74,624.73,618.05,624.22,624.22,88987511
2025-07-17,624.4,628.4048,624.18,628.04,628.04,68885683
2025-07-18,629.3,629.47,626.46,627.58,627.58,65621645
2025-07-21,628.77,631.54,628.34,628.77,628.77,63374984
2025-07-22,629.1,629.73,626.19,628.86,628.86,60046288
2025-07-23,631.55,634.21,629.73,634.21,634.21,70511036
2025-07-24,634.6,636.15,633.99,634.42,634.42,71307134
2025-07-25,635.09,637.5799,634.84,637.1,637.1,56865364
2025-07-28,637.48,638.04,635.54,636.94,636.94,54917102
2025-07-29,638.35,638.67,634.335,635.26,635.26,60556278
2025-07-30,635.92,637.68,631.54,634.46,634.46,80418851
2025-07-31,639.455,639.85,630.765,632.08,632.08,103385246
2025-08-01,626.3,626.34,619.29,621.72,621.72,140103572
2025-08-04,625.67,631.215,625.58,631.17,631.17,73218015
2025-08-05,631.79,632.6052,627.04,627.97,627.97,68051401
2025-08-06,629.05,633.44,628.13,632.78,632.78,64357525
2025-08-07,636.24,636.98,629.11,632.25,632.25,74205791
2025-08-08,634.06,637.645,633.74,637.18,637.18,64051626
2025-08-11,637.46,638.95,634.66,635.92,635.92,58742300
2025-08-12,638.29,642.85,636.79,642.69,642.69,64821798
2025-08-13,644.91,646.19,642.68,644.89,644.89,60092790
2025-08-14,642.79,645.62,642.34,644.95,644.95,59327466
2025-08-15,645.99,646.09,642.5153,643.44,643.44,68592507
2025-08-18,642.86,644.0,642.18,643.3,643.3,43804914
2025-08-19,643.12,644.105,638.48,639.81,639.81,69750731
2025-08-20,639.4,639.66,632.95,638.11,638.11,88890298
2025-08-21,636.28,637.97,633.81,635.55,635.55,54805775
2025-08-22,637.76,646.5,637.25,645.31,645.31,84083214
2025-08-25,644.04,645.29,642.35,642.47,642.47,51274332
2025-08-26,642.2,645.51,641.57,645.16,645.16,51581565
2025-08-27,644.57,647.37,644.42,646.63,646.63,48341069
2025-08-28,647.24,649.48,645.34,648.92,648.92,61519461
2025-08-29,647.47,647.84,643.14,645.05,645.05,74522192
2025-09-02,637.5,640.49,634.92,640.27,640.27,81983545
2025-09-03,642.67,644.21,640.46,643.74,643.74,70820898
2025-09-04,644.42,649.15,643.51,649.12,649.12,65219228
2025-09-05,651.48,652.21,643.33,647.24,647.24,85178935
2025-09-08,648.62,649.84,647.23,648.83,648.83,63133104
2025-09-09,648.97,650.86,647.22,650.33,650.33,66133856
2025-09-10,653.62,654.55,650.63,652.21,652.21,78034529
2025-09-11,654.18,658.33,653.59,657.63,657.63,69934360
2025-09-12,657.6,659.11,656.9,657.41,657.41,72780135
2025-09-15,659.64,661.04,659.34,660.91,660.91,63772412
2025-09-16,661.47,661.78,659.21,660.0,660.0,61168953
2025-09-17,660.01,661.72,654.3,659.18,659.18,101952244
2025-09-18,661.89,664.89,660.27,662.26,662.26,90459242
2025-09-19,662.33,664.55,660.37,663.7,663.7,97945620
2025-09-22,662.2,667.29,662.17,666.84,666.84,69452201
2025-09-23,666.72,667.34,661.98,663.21,663.21,81708872
2025-09-24,664.51,664.61,659.67,661.1,661.1,68082229
2025-09-25,657.94,659.4056,654.405,658.05,658.05,89622067
2025-09-26,659.51,662.37,657.88,661.82,661.82,69179209
2025-09-29,664.36,665.28,661.86,663.68,663.68,73499015
2025-09-30,662.93,666.65,661.61,666.18,666.18,86288028
2025-10-01,663.17,669.37,663.06,668.45,668.45,72545369
2025-10-02,670.45,670.565,666.78,669.22,669.22,56895993
2025-10-03,669.99,672.675,668.16,669.21,669.21,70494350
2025-10-06,671.62,672.51,669.455,671.61,671.61,54623260
2025-10-07,672.54,672.99,667.67,669.12,669.12,72020067
2025-10-08,670.25,673.2056,669.42,673.11,673.11,60702241
2025-10-09,673.53,673.94,669.21,671.16,671.16,66501941
2025-10-10,672.13,673.95,652.84,653.02,653.02,159422589
2025-10-13,660.65,665.13,659.7679,663.04,663.04,79560517
2025-10-14,657.17,665.83,653.17,662.23,662.23,88779560
2025-10-15,666.82,670.23,658.93,665.17,665.17,81702555
2025-10-16,666.82,668.71,657.11,660.64,660.64,110563346
2025-10-17,659.5,665.755,658.14,664.39,664.39,96500870
2025-10-20,667.32,672.21,667.27,671.3,671.3,60493350
2025-10-21,671.44,672.99,669.981,671.29,671.29,56249034
2025-10-22,672.0,672.0,663.3,667.8,667.8,80564006
2025-10-23,668.12,672.7101,667.8,671.76,671.76,65604461
2025-10-24,676.46,678.47,675.65,677.25,677.25,74356527
2025-10-27,682.73,685.54,682.115,685.24,685.24,63339790
2025-10-28,687.05,688.905,684.83,687.06,687.06,61738073
