DATE,Open,High,Low,Close,Adj Close,Volume
2021-02-24,21.34,21.34,21.34,21.34,21.34,0
2021-02-25,28.89,28.89,28.89,28.89,28.89,0
2021-02-26,27.95,27.95,27.95,27.95,27.95,0
2021-03-01,23.35,23.35,23.35,23.35,23.35,0
2021-03-02,24.1,24.1,24.1,24.1,24.1,0
2021-03-03,26.67,26.67,26.67,26.67,26.67,0
2021-03-04,28.57,28.57,28.57,28.57,28.57,0
2021-03-05,24.66,24.66,24.66,24.66,24.66,0
2021-03-08,25.47,25.47,25.47,25.47,25.47,0
2021-03-09,24.03,24.03,24.03,24.03,24.03,0
2021-03-10,22.56,22.56,22.56,22.56,22.56,0
2021-03-11,21.91,21.91,21.91,21.91,21.91,0
2021-03-12,20.69,20.69,20.69,20.69,20.69,0
2021-03-15,20.03,20.03,20.03,20.03,20.03,0
2021-03-16,19.79,19.79,19.79,19.79,19.79,0
2021-03-17,19.23,19.23,19.23,19.23,19.23,0
2021-03-18,21.58,21.58,21.58,21.58,21.58,0
2021-03-19,20.95,20.95,20.95,20.95,20.95,0
2021-03-22,18.88,18.88,18.88,18.88,18.88,0
2021-03-23,20.3,20.3,20.3,20.3,20.3,0
2021-03-24,21.2,21.2,21.2,21.2,21.2,0
2021-03-25,19.81,19.81,19.81,19.81,19.81,0
2021-03-26,18.86,18.86,18.86,18.86,18.86,0
2021-03-29,20.74,20.74,20.74,20.74,20.74,0
2021-03-30,19.61,19.61,19.61,19.61,19.61,0
2021-03-31,19.4,19.4,19.4,19.4,19.4,0
2021-04-01,17.33,17.33,17.33,17.33,17.33,0
2021-04-02,,,,,,0
2021-04-05,17.91,17.91,17.91,17.91,17.91,0
2021-04-06,18.12,18.12,18.12,18.12,18.12,0
2021-04-07,17.16,17.16,17.16,17.16,17.16,0
2021-04-08,16.95,16.95,16.95,16.95,16.95,0
2021-04-09,16.69,16.69,16.69,16.69,16.69,0
2021-04-12,16.91,16.91,16.91,16.91,16.91,0
2021-04-13,16.65,16.65,16.65,16.65,16.65,0
2021-04-14,16.99,16.99,16.99,16.99,16.99,0
2021-04-15,16.57,16.57,16.57,16.57,16.57,0
2021-04-16,16.25,16.25,16.25,16.25,16.25,0
2021-04-19,17.29,17.29,17.29,17.29,17.29,0
2021-04-20,18.68,18.68,18.68,18.68,18.68,0
2021-04-21,17.5,17.5,17.5,17.5,17.5,0
2021-04-22,18.71,18.71,18.71,18.71,18.71,0
2021-04-23,17.33,17.33,17.33,17.33,17.33,0
2021-04-26,17.64,17.64,17.64,17.64,17.64,0
2021-04-27,17.56,17.56,17.56,17.56,17.56,0
2021-04-28,17.28,17.28,17.28,17.28,17.28,0
2021-04-29,17.61,17.61,17.61,17.61,17.61,0
2021-04-30,18.61,18.61,18.61,18.61,18.61,0
2021-05-03,18.31,18.31,18.31,18.31,18.31,0
2021-05-04,19.48,19.48,19.48,19.48,19.48,0
2021-05-05,19.15,19.15,19.15,19.15,19.15,0
2021-05-06,18.39,18.39,18.39,18.39,18.39,0
2021-05-07,16.69,16.69,16.69,16.69,16.69,0
2021-05-10,19.66,19.66,19.66,19.66,19.66,0
2021-05-11,21.84,21.84,21.84,21.84,21.84,0
2021-05-12,27.59,27.59,27.59,27.59,27.59,0
2021-05-13,23.13,23.13,23.13,23.13,23.13,0
2021-05-14,18.81,18.81,18.81,18.81,18.81,0
2021-05-17,19.72,19.72,19.72,19.72,19.72,0
2021-05-18,21.34,21.34,21.34,21.34,21.34,0
2021-05-19,22.18,22.18,22.18,22.18,22.18,0
2021-05-20,20.67,20.67,20.67,20.67,20.67,0
2021-05-21,20.15,20.15,20.15,20.15,20.15,0
2021-05-24,18.4,18.4,18.4,18.4,18.4,0
2021-05-25,18.84,18.84,18.84,18.84,18.84,0
2021-05-26,17.36,17.36,17.36,17.36,17.36,0
2021-05-27,16.74,16.74,16.74,16.74,16.74,0
2021-05-28,16.76,16.76,16.76,16.76,16.76,0
2021-05-31,,,,,,0
2021-06-01,17.9,17.9,17.9,17.9,17.9,0
2021-06-02,17.48,17.48,17.48,17.48,17.48,0
2021-06-03,18.04,18.04,18.04,18.04,18.04,0
2021-06-04,16.42,16.42,16.42,16.42,16.42,0
2021-06-07,16.42,16.42,16.42,16.42,16.42,0
2021-06-08,17.07,17.07,17.07,17.07,17.07,0
2021-06-09,17.89,17.89,17.89,17.89,17.89,0
2021-06-10,16.1,16.1,16.1,16.1,16.1,0
2021-06-11,15.65,15.65,15.65,15.65,15.65,0
2021-06-14,16.39,16.39,16.39,16.39,16.39,0
2021-06-15,17.02,17.02,17.02,17.02,17.02,0
2021-06-16,18.15,18.15,18.15,18.15,18.15,0
2021-06-17,17.75,17.75,17.75,17.75,17.75,0
2021-06-18,20.7,20.7,20.7,20.7,20.7,0
2021-06-21,17.89,17.89,17.89,17.89,17.89,0
2021-06-22,16.66,16.66,16.66,16.66,16.66,0
2021-06-23,16.32,16.32,16.32,16.32,16.32,0
2021-06-24,15.97,15.97,15.97,15.97,15.97,0
2021-06-25,15.62,15.62,15.62,15.62,15.62,0
2021-06-28,15.76,15.76,15.76,15.76,15.76,0
2021-06-29,16.02,16.02,16.02,16.02,16.02,0
2021-06-30,15.83,15.83,15.83,15.83,15.83,0
2021-07-01,15.48,15.48,15.48,15.48,15.48,0
2021-07-02,15.07,15.07,15.07,15.07,15.07,0
2021-07-05,,,,,,0
2021-07-06,16.44,16.44,16.44,16.44,16.44,0
2021-07-07,16.2,16.2,16.2,16.2,16.2,0
2021-07-08,19.0,19.0,19.0,19.0,19.0,0
2021-07-09,16.18,16.18,16.18,16.18,16.18,0
2021-07-12,16.17,16.17,16.17,16.17,16.17,0
2021-07-13,17.12,17.12,17.12,17.12,17.12,0
2021-07-14,16.33,16.33,16.33,16.33,16.33,0
2021-07-15,17.01,17.01,17.01,17.01,17.01,0
2021-07-16,18.45,18.45,18.45,18.45,18.45,0
2021-07-19,22.5,22.5,22.5,22.5,22.5,0
2021-07-20,19.73,19.73,19.73,19.73,19.73,0
2021-07-21,17.91,17.91,17.91,17.91,17.91,0
2021-07-22,17.69,17.69,17.69,17.69,17.69,0
2021-07-23,17.2,17.2,17.2,17.2,17.2,0
2021-07-26,17.58,17.58,17.58,17.58,17.58,0
2021-07-27,19.36,19.36,19.36,19.36,19.36,0
2021-07-28,18.31,18.31,18.31,18.31,18.31,0
2021-07-29,17.7,17.7,17.7,17.7,17.7,0
2021-07-30,18.24,18.24,18.24,18.24,18.24,0
2021-08-02,19.46,19.46,19.46,19.46,19.46,0
2021-08-03,18.04,18.04,18.04,18.04,18.04,0
2021-08-04,17.97,17.97,17.97,17.97,17.97,0
2021-08-05,17.28,17.28,17.28,17.28,17.28,0
2021-08-06,16.15,16.15,16.15,16.15,16.15,0
2021-08-09,16.72,16.72,16.72,16.72,16.72,0
2021-08-10,16.79,16.79,16.79,16.79,16.79,0
2021-08-11,16.06,16.06,16.06,16.06,16.06,0
2021-08-12,15.59,15.59,15.59,15.59,15.59,0
2021-08-13,15.45,15.45,15.45,15.45,15.45,0
2021-08-16,16.12,16.12,16.12,16.12,16.12,0
2021-08-17,17.91,17.91,17.91,17.91,17.91,0
2021-08-18,21.57,21.57,21.57,21.57,21.57,0
2021-08-19,21.67,21.67,21.67,21.67,21.67,0
2021-08-20,18.56,18.56,18.56,18.56,18.56,0
2021-08-23,17.15,17.15,17.15,17.15,17.15,0
2021-08-24,17.22,17.22,17.22,17.22,17.22,0
2021-08-25,16.79,16.79,16.79,16.79,16.79,0
2021-08-26,18.84,18.84,18.84,18.84,18.84,0
2021-08-27,16.39,16.39,16.39,16.39,16.39,0
2021-08-30,16.19,16.19,16.19,16.19,16.19,0
2021-08-31,16.48,16.48,16.48,16.48,16.48,0
2021-09-01,16.11,16.11,16.11,16.11,16.11,0
2021-09-02,16.41,16.41,16.41,16.41,16.41,0
2021-09-03,16.41,16.41,16.41,16.41,16.41,0
2021-09-06,,,,,,0
2021-09-07,18.14,18.14,18.14,18.14,18.14,0
2021-09-08,17.96,17.96,17.96,17.96,17.96,0
2021-09-09,18.8,18.8,18.8,18.8,18.8,0
2021-09-10,20.95,20.95,20.95,20.95,20.95,0
2021-09-13,19.37,19.37,19.37,19.37,19.37,0
2021-09-14,19.46,19.46,19.46,19.46,19.46,0
2021-09-15,18.18,18.18,18.18,18.18,18.18,0
2021-09-16,18.69,18.69,18.69,18.69,18.69,0
2021-09-17,20.81,20.81,20.81,20.81,20.81,0
2021-09-20,25.71,25.71,25.71,25.71,25.71,0
2021-09-21,24.36,24.36,24.36,24.36,24.36,0
2021-09-22,20.87,20.87,20.87,20.87,20.87,0
2021-09-23,18.63,18.63,18.63,18.63,18.63,0
2021-09-24,17.75,17.75,17.75,17.75,17.75,0
2021-09-27,18.76,18.76,18.76,18.76,18.76,0
2021-09-28,23.25,23.25,23.25,23.25,23.25,0
2021-09-29,22.56,22.56,22.56,22.56,22.56,0
2021-09-30,23.14,23.14,23.14,23.14,23.14,0
2021-10-01,21.15,21.15,21.15,21.15,21.15,0
2021-10-04,22.96,22.96,22.96,22.96,22.96,0
2021-10-05,21.3,21.3,21.3,21.3,21.3,0
2021-10-06,21.0,21.0,21.0,21.0,21.0,0
2021-10-07,19.54,19.54,19.54,19.54,19.54,0
2021-10-08,18.77,18.77,18.77,18.77,18.77,0
2021-10-11,20.0,20.0,20.0,20.0,20.0,0
2021-10-12,19.85,19.85,19.85,19.85,19.85,0
2021-10-13,18.64,18.64,18.64,18.64,18.64,0
2021-10-14,16.86,16.86,16.86,16.86,16.86,0
2021-10-15,16.3,16.3,16.3,16.3,16.3,0
2021-10-18,16.31,16.31,16.31,16.31,16.31,0
2021-10-19,15.7,15.7,15.7,15.7,15.7,0
2021-10-20,15.49,15.49,15.49,15.49,15.49,0
2021-10-21,15.01,15.01,15.01,15.01,15.01,0
2021-10-22,15.43,15.43,15.43,15.43,15.43,0
2021-10-25,15.24,15.24,15.24,15.24,15.24,0
2021-10-26,15.98,15.98,15.98,15.98,15.98,0
2021-10-27,16.98,16.98,16.98,16.98,16.98,0
2021-10-28,16.53,16.53,16.53,16.53,16.53,0
2021-10-29,16.26,16.26,16.26,16.26,16.26,0
2021-11-01,16.41,16.41,16.41,16.41,16.41,0
2021-11-02,16.03,16.03,16.03,16.03,16.03,0
2021-11-03,15.1,15.1,15.1,15.1,15.1,0
2021-11-04,15.44,15.44,15.44,15.44,15.44,0
2021-11-05,16.48,16.48,16.48,16.48,16.48,0
2021-11-08,17.22,17.22,17.22,17.22,17.22,0
2021-11-09,17.78,17.78,17.78,17.78,17.78,0
2021-11-10,18.73,18.73,18.73,18.73,18.73,0
2021-11-11,17.66,17.66,17.66,17.66,17.66,0
2021-11-12,16.29,16.29,16.29,16.29,16.29,0
2021-11-15,16.49,16.49,16.49,16.49,16.49,0
2021-11-16,16.37,16.37,16.37,16.37,16.37,0
2021-11-17,17.11,17.11,17.11,17.11,17.11,0
2021-11-18,17.59,17.59,17.59,17.59,17.59,0
2021-11-19,17.91,17.91,17.91,17.91,17.91,0
2021-11-22,19.17,19.17,19.17,19.17,19.17,0
2021-11-23,19.38,19.38,19.38,19.38,19.38,0
2021-11-24,18.58,18.58,18.58,18.58,18.58,0
2021-11-25,,,,,,0
2021-11-26,28.62,28.62,28.62,28.62,28.62,0
2021-11-29,22.96,22.96,22.96,22.96,22.96,0
2021-11-30,27.19,27.19,27.19,27.19,27.19,0
2021-12-01,31.12,31.12,31.12,31.12,31.12,0
2021-12-02,27.95,27.95,27.95,27.95,27.95,0
2021-12-03,30.67,30.67,30.67,30.67,30.67,0
2021-12-06,27.18,27.18,27.18,27.18,27.18,0
2021-12-07,21.89,21.89,21.89,21.89,21.89,0
2021-12-08,19.9,19.9,19.9,19.9,19.9,0
2021-12-09,21.58,21.58,21.58,21.58,21.58,0
2021-12-10,18.69,18.69,18.69,18.69,18.69,0
2021-12-13,20.31,20.31,20.31,20.31,20.31,0
2021-12-14,21.89,21.89,21.89,21.89,21.89,0
2021-12-15,19.29,19.29,19.29,19.29,19.29,0
2021-12-16,20.57,20.57,20.57,20.57,20.57,0
2021-12-17,21.57,21.57,21.57,21.57,21.57,0
2021-12-20,22.87,22.87,22.87,22.87,22.87,0
2021-12-21,21.01,21.01,21.01,21.01,21.01,0
2021-12-22,18.63,18.63,18.63,18.63,18.63,0
2021-12-23,17.96,17.96,17.96,17.96,17.96,0
2021-12-24,,,,,,0
2021-12-27,17.68,17.68,17.68,17.68,17.68,0
2021-12-28,17.54,17.54,17.54,17.54,17.54,0
2021-12-29,16.95,16.95,16.95,16.95,16.95,0
2021-12-30,17.33,17.33,17.33,17.33,17.33,0
2021-12-31,17.22,17.22,17.22,17.22,17.22,0
2022-01-03,16.6,16.6,16.6,16.6,16.6,0
2022-01-04,16.91,16.91,16.91,16.91,16.91,0
2022-01-05,19.73,19.73,19.73,19.73,19.73,0
2022-01-06,19.61,19.61,19.61,19.61,19.61,0
2022-01-07,18.76,18.76,18.76,18.76,18.76,0
2022-01-10,19.4,19.4,19.4,19.4,19.4,0
2022-01-11,18.41,18.41,18.41,18.41,18.41,0
2022-01-12,17.62,17.62,17.62,17.62,17.62,0
2022-01-13,20.31,20.31,20.31,20.31,20.31,0
2022-01-14,19.19,19.19,19.19,19.19,19.19,0
2022-01-17,,,,,,0
2022-01-18,22.79,22.79,22.79,22.79,22.79,0
2022-01-19,23.85,23.85,23.85,23.85,23.85,0
2022-01-20,25.59,25.59,25.59,25.59,25.59,0
2022-01-21,28.85,28.85,28.85,28.85,28.85,0
2022-01-24,29.9,29.9,29.9,29.9,29.9,0
2022-01-25,31.16,31.16,31.16,31.16,31.16,0
2022-01-26,31.96,31.96,31.96,31.96,31.96,0
2022-01-27,30.49,30.49,30.49,30.49,30.49,0
2022-01-28,27.66,27.66,27.66,27.66,27.66,0
2022-01-31,24.83,24.83,24.83,24.83,24.83,0
2022-02-01,21.96,21.96,21.96,21.96,21.96,0
2022-02-02,22.09,22.09,22.09,22.09,22.09,0
2022-02-03,24.35,24.35,24.35,24.35,24.35,0
2022-02-04,23.22,23.22,23.22,23.22,23.22,0
2022-02-07,22.86,22.86,22.86,22.86,22.86,0
2022-02-08,21.44,21.44,21.44,21.44,21.44,0
2022-02-09,19.96,19.96,19.96,19.96,19.96,0
2022-02-10,23.91,23.91,23.91,23.91,23.91,0
2022-02-11,27.36,27.36,27.36,27.36,27.36,0
2022-02-14,28.33,28.33,28.33,28.33,28.33,0
2022-02-15,25.7,25.7,25.7,25.7,25.7,0
2022-02-16,24.29,24.29,24.29,24.29,24.29,0
2022-02-17,28.11,28.11,28.11,28.11,28.11,0
2022-02-18,27.75,27.75,27.75,27.75,27.75,0
2022-02-21,,,,,,0
2022-02-22,28.81,28.81,28.81,28.81,28.81,0
2022-02-23,31.02,31.02,31.02,31.02,31.02,0
2022-02-24,30.32,30.32,30.32,30.32,30.32,0
2022-02-25,27.59,27.59,27.59,27.59,27.59,0
2022-02-28,30.15,30.15,30.15,30.15,30.15,0
2022-03-01,33.32,33.32,33.32,33.32,33.32,0
2022-03-02,30.74,30.74,30.74,30.74,30.74,0
2022-03-03,30.48,30.48,30.48,30.48,30.48,0
2022-03-04,31.98,31.98,31.98,31.98,31.98,0
2022-03-07,36.45,36.45,36.45,36.45,36.45,0
2022-03-08,35.13,35.13,35.13,35.13,35.13,0
2022-03-09,32.45,32.45,32.45,32.45,32.45,0
2022-03-10,30.23,30.23,30.23,30.23,30.23,0
2022-03-11,30.75,30.75,30.75,30.75,30.75,0
2022-03-14,31.77,31.77,31.77,31.77,31.77,0
2022-03-15,29.83,29.83,29.83,29.83,29.83,0
2022-03-16,26.67,26.67,26.67,26.67,26.67,0
2022-03-17,25.67,25.67,25.67,25.67,25.67,0
2022-03-18,23.87,23.87,23.87,23.87,23.87,0
2022-03-21,23.53,23.53,23.53,23.53,23.53,0
2022-03-22,22.94,22.94,22.94,22.94,22.94,0
2022-03-23,23.57,23.57,23.57,23.57,23.57,0
2022-03-24,21.67,21.67,21.67,21.67,21.67,0
2022-03-25,20.81,20.81,20.81,20.81,20.81,0
2022-03-28,19.63,19.63,19.63,19.63,19.63,0
2022-03-29,18.9,18.9,18.9,18.9,18.9,0
2022-03-30,19.33,19.33,19.33,19.33,19.33,0
2022-03-31,20.56,20.56,20.56,20.56,20.56,0
2022-04-01,19.63,19.63,19.63,19.63,19.63,0
2022-04-04,18.57,18.57,18.57,18.57,18.57,0
2022-04-05,21.03,21.03,21.03,21.03,21.03,0
2022-04-06,22.1,22.1,22.1,22.1,22.1,0
2022-04-07,21.55,21.55,21.55,21.55,21.55,0
2022-04-08,21.16,21.16,21.16,21.16,21.16,0
2022-04-11,24.37,24.37,24.37,24.37,24.37,0
2022-04-12,24.26,24.26,24.26,24.26,24.26,0
2022-04-13,21.82,21.82,21.82,21.82,21.82,0
2022-04-14,22.7,22.7,22.7,22.7,22.7,0
2022-04-15,,,,,,0
2022-04-18,22.17,22.17,22.17,22.17,22.17,0
2022-04-19,21.37,21.37,21.37,21.37,21.37,0
2022-04-20,20.32,20.32,20.32,20.32,20.32,0
2022-04-21,22.68,22.68,22.68,22.68,22.68,0
2022-04-22,28.21,28.21,28.21,28.21,28.21,0
2022-04-25,27.02,27.02,27.02,27.02,27.02,0
2022-04-26,33.52,33.52,33.52,33.52,33.52,0
2022-04-27,31.6,31.6,31.6,31.6,31.6,0
2022-04-28,29.99,29.99,29.99,29.99,29.99,0
2022-04-29,33.4,33.4,33.4,33.4,33.4,0
2022-05-02,32.34,32.34,32.34,32.34,32.34,0
2022-05-03,29.25,29.25,29.25,29.25,29.25,0
2022-05-04,25.42,25.42,25.42,25.42,25.42,0
2022-05-05,31.2,31.2,31.2,31.2,31.2,0
2022-05-06,30.19,30.19,30.19,30.19,30.19,0
2022-05-09,34.75,34.75,34.75,34.75,34.75,0
2022-05-10,32.99,32.99,32.99,32.99,32.99,0
2022-05-11,32.56,32.56,32.56,32.56,32.56,0
2022-05-12,31.77,31.77,31.77,31.77,31.77,0
2022-05-13,28.87,28.87,28.87,28.87,28.87,0
2022-05-16,27.47,27.47,27.47,27.47,27.47,0
2022-05-17,26.1,26.1,26.1,26.1,26.1,0
2022-05-18,30.96,30.96,30.96,30.96,30.96,0
2022-05-19,29.35,29.35,29.35,29.35,29.35,0
2022-05-20,29.43,29.43,29.43,29.43,29.43,0
2022-05-23,28.48,28.48,28.48,28.48,28.48,0
2022-05-24,29.45,29.45,29.45,29.45,29.45,0
2022-05-25,28.37,28.37,28.37,28.37,28.37,0
2022-05-26,27.5,27.5,27.5,27.5,27.5,0
2022-05-27,25.72,25.72,25.72,25.72,25.72,0
2022-05-30,26.54,26.54,26.54,26.54,26.54,0
2022-05-31,26.19,26.19,26.19,26.19,26.19,0
2022-06-01,25.69,25.69,25.69,25.69,25.69,0
2022-06-02,24.72,24.72,24.72,24.72,24.72,0
2022-06-03,24.79,24.79,24.79,24.79,24.79,0
2022-06-06,25.07,25.07,25.07,25.07,25.07,0
2022-06-07,24.02,24.02,24.02,24.02,24.02,0
2022-06-08,23.96,23.96,23.96,23.96,23.96,0
2022-06-09,26.09,26.09,26.09,26.09,26.09,0
2022-06-10,27.75,27.75,27.75,27.75,27.75,0
2022-06-13,34.02,34.02,34.02,34.02,34.02,0
2022-06-14,32.69,32.69,32.69,32.69,32.69,0
2022-06-15,29.62,29.62,29.62,29.62,29.62,0
2022-06-16,32.95,32.95,32.95,32.95,32.95,0
2022-06-17,31.13,31.13,31.13,31.13,31.13,0
2022-06-20,31.03,31.03,31.03,31.03,31.03,0
2022-06-21,30.19,30.19,30.19,30.19,30.19,0
2022-06-22,28.95,28.95,28.95,28.95,28.95,0
2022-06-23,29.05,29.05,29.05,29.05,29.05,0
2022-06-24,27.23,27.23,27.23,27.23,27.23,0
2022-06-27,26.95,26.95,26.95,26.95,26.95,0
2022-06-28,28.36,28.36,28.36,28.36,28.36,0
2022-06-29,28.16,28.16,28.16,28.16,28.16,0
2022-06-30,28.71,28.71,28.71,28.71,28.71,0
2022-07-01,26.7,26.7,26.7,26.7,26.7,0
2022-07-04,27.53,27.53,27.53,27.53,27.53,0
2022-07-05,27.54,27.54,27.54,27.54,27.54,0
2022-07-06,26.73,26.73,26.73,26.73,26.73,0
2022-07-07,26.08,26.08,26.08,26.08,26.08,0
2022-07-08,24.64,24.64,24.64,24.64,24.64,0
2022-07-11,26.17,26.17,26.17,26.17,26.17,0
2022-07-12,27.29,27.29,27.29,27.29,27.29,0
2022-07-13,26.82,26.82,26.82,26.82,26.82,0
2022-07-14,26.4,26.4,26.4,26.4,26.4,0
2022-07-15,24.23,24.23,24.23,24.23,24.23,0
2022-07-18,25.3,25.3,25.3,25.3,25.3,0
2022-07-19,24.5,24.5,24.5,24.5,24.5,0
2022-07-20,23.88,23.88,23.88,23.88,23.88,0
2022-07-21,23.11,23.11,23.11,23.11,23.11,0
2022-07-22,23.03,23.03,23.03,23.03,23.03,0
2022-07-25,23.36,23.36,23.36,23.36,23.36,0
2022-07-26,24.69,24.69,24.69,24.69,24.69,0
2022-07-27,23.24,23.24,23.24,23.24,23.24,0
2022-07-28,22.33,22.33,22.33,22.33,22.33,0
2022-07-29,21.33,21.33,21.33,21.33,21.33,0
2022-08-01,22.84,22.84,22.84,22.84,22.84,0
2022-08-02,23.93,23.93,23.93,23.93,23.93,0
2022-08-03,21.95,21.95,21.95,21.95,21.95,0
2022-08-04,21.44,21.44,21.44,21.44,21.44,0
2022-08-05,21.15,21.15,21.15,21.15,21.15,0
2022-08-08,21.29,21.29,21.29,21.29,21.29,0
2022-08-09,21.77,21.77,21.77,21.77,21.77,0
2022-08-10,19.74,19.74,19.74,19.74,19.74,0
2022-08-11,20.2,20.2,20.2,20.2,20.2,0
2022-08-12,19.53,19.53,19.53,19.53,19.53,0
2022-08-15,19.95,19.95,19.95,19.95,19.95,0
2022-08-16,19.69,19.69,19.69,19.69,19.69,0
2022-08-17,19.9,19.9,19.9,19.9,19.9,0
2022-08-18,19.56,19.56,19.56,19.56,19.56,0
2022-08-19,20.6,20.6,20.6,20.6,20.6,0
2022-08-22,23.8,23.8,23.8,23.8,23.8,0
2022-08-23,24.11,24.11,24.11,24.11,24.11,0
2022-08-24,22.82,22.82,22.82,22.82,22.82,0
2022-08-25,21.78,21.78,21.78,21.78,21.78,0
2022-08-26,25.56,25.56,25.56,25.56,25.56,0
2022-08-29,26.21,26.21,26.21,26.21,26.21,0
2022-08-30,26.21,26.21,26.21,26.21,26.21,0
2022-08-31,25.87,25.87,25.87,25.87,25.87,0
2022-09-01,25.56,25.56,25.56,25.56,25.56,0
2022-09-02,25.47,25.47,25.47,25.47,25.47,0
2022-09-05,25.99,25.99,25.99,25.99,25.99,0
2022-09-06,26.91,26.91,26.91,26.91,26.91,0
2022-09-07,24.64,24.64,24.64,24.64,24.64,0
2022-09-08,23.61,23.61,23.61,23.61,23.61,0
2022-09-09,22.79,22.79,22.79,22.79,22.79,0
2022-09-12,23.87,23.87,23.87,23.87,23.87,0
2022-09-13,27.27,27.27,27.27,27.27,27.27,0
2022-09-14,26.16,26.16,26.16,26.16,26.16,0
2022-09-15,26.27,26.27,26.27,26.27,26.27,0
2022-09-16,26.3,26.3,26.3,26.3,26.3,0
2022-09-19,25.76,25.76,25.76,25.76,25.76,0
2022-09-20,27.16,27.16,27.16,27.16,27.16,0
2022-09-21,27.99,27.99,27.99,27.99,27.99,0
2022-09-22,27.35,27.35,27.35,27.35,27.35,0
2022-09-23,29.92,29.92,29.92,29.92,29.92,0
2022-09-26,32.26,32.26,32.26,32.26,32.26,0
2022-09-27,32.6,32.6,32.6,32.6,32.6,0
2022-09-28,30.18,30.18,30.18,30.18,30.18,0
2022-09-29,31.84,31.84,31.84,31.84,31.84,0
2022-09-30,31.62,31.62,31.62,31.62,31.62,0
2022-10-03,30.1,30.1,30.1,30.1,30.1,0
2022-10-04,29.07,29.07,29.07,29.07,29.07,0
2022-10-05,28.55,28.55,28.55,28.55,28.55,0
2022-10-06,30.52,30.52,30.52,30.52,30.52,0
2022-10-07,31.36,31.36,31.36,31.36,31.36,0
2022-10-10,32.45,32.45,32.45,32.45,32.45,0
2022-10-11,33.63,33.63,33.63,33.63,33.63,0
2022-10-12,33.57,33.57,33.57,33.57,33.57,0
2022-10-13,31.94,31.94,31.94,31.94,31.94,0
2022-10-14,32.02,32.02,32.02,32.02,32.02,0
2022-10-17,31.37,31.37,31.37,31.37,31.37,0
2022-10-18,30.5,30.5,30.5,30.5,30.5,0
2022-10-19,30.76,30.76,30.76,30.76,30.76,0
2022-10-20,29.98,29.98,29.98,29.98,29.98,0
2022-10-21,29.69,29.69,29.69,29.69,29.69,0
2022-10-24,29.85,29.85,29.85,29.85,29.85,0
2022-10-25,28.46,28.46,28.46,28.46,28.46,0
2022-10-26,27.28,27.28,27.28,27.28,27.28,0
2022-10-27,27.39,27.39,27.39,27.39,27.39,0
2022-10-28,25.75,25.75,25.75,25.75,25.75,0
2022-10-31,25.88,25.88,25.88,25.88,25.88,0
2022-11-01,25.81,25.81,25.81,25.81,25.81,0
2022-11-02,25.86,25.86,25.86,25.86,25.86,0
2022-11-03,25.3,25.3,25.3,25.3,25.3,0
2022-11-04,24.55,24.55,24.55,24.55,24.55,0
2022-11-07,24.35,24.35,24.35,24.35,24.35,0
2022-11-08,25.54,25.54,25.54,25.54,25.54,0
2022-11-09,26.09,26.09,26.09,26.09,26.09,0
2022-11-10,23.53,23.53,23.53,23.53,23.53,0
2022-11-11,22.52,22.52,22.52,22.52,22.52,0
2022-11-14,23.73,23.73,23.73,23.73,23.73,0
2022-11-15,24.54,24.54,24.54,24.54,24.54,0
2022-11-16,24.11,24.11,24.11,24.11,24.11,0
2022-11-17,23.93,23.93,23.93,23.93,23.93,0
2022-11-18,23.12,23.12,23.12,23.12,23.12,0
2022-11-21,22.36,22.36,22.36,22.36,22.36,0
2022-11-22,21.29,21.29,21.29,21.29,21.29,0
2022-11-23,20.35,20.35,20.35,20.35,20.35,0
2022-11-24,20.42,20.42,20.42,20.42,20.42,0
2022-11-25,20.5,20.5,20.5,20.5,20.5,0
2022-11-28,22.21,22.21,22.21,22.21,22.21,0
2022-11-29,21.89,21.89,21.89,21.89,21.89,0
2022-11-30,20.58,20.58,20.58,20.58,20.58,0
2022-12-01,19.84,19.84,19.84,19.84,19.84,0
2022-12-02,19.06,19.06,19.06,19.06,19.06,0
2022-12-05,20.75,20.75,20.75,20.75,20.75,0
2022-12-06,22.17,22.17,22.17,22.17,22.17,0
2022-12-07,22.68,22.68,22.68,22.68,22.68,0
2022-12-08,22.29,22.29,22.29,22.29,22.29,0
2022-12-09,22.83,22.83,22.83,22.83,22.83,0
2022-12-12,25.0,25.0,25.0,25.0,25.0,0
2022-12-13,22.55,22.55,22.55,22.55,22.55,0
2022-12-14,21.14,21.14,21.14,21.14,21.14,0
2022-12-15,22.83,22.83,22.83,22.83,22.83,0
2022-12-16,22.62,22.62,22.62,22.62,22.62,0
2022-12-19,22.42,22.42,22.42,22.42,22.42,0
2022-12-20,21.48,21.48,21.48,21.48,21.48,0
2022-12-21,20.07,20.07,20.07,20.07,20.07,0
2022-12-22,21.97,21.97,21.97,21.97,21.97,0
2022-12-23,20.87,20.87,20.87,20.87,20.87,0
2022-12-26,,,,,,0
2022-12-27,21.65,21.65,21.65,21.65,21.65,0
2022-12-28,22.14,22.14,22.14,22.14,22.14,0
2022-12-29,21.44,21.44,21.44,21.44,21.44,0
2022-12-30,21.67,21.67,21.67,21.67,21.67,0
2023-01-02,,,,,,0
2023-01-03,22.9,22.9,22.9,22.9,22.9,0
2023-01-04,22.01,22.01,22.01,22.01,22.01,0
2023-01-05,22.46,22.46,22.46,22.46,22.46,0
2023-01-06,21.13,21.13,21.13,21.13,21.13,0
2023-01-09,21.97,21.97,21.97,21.97,21.97,0
2023-01-10,20.58,20.58,20.58,20.58,20.58,0
2023-01-11,21.09,21.09,21.09,21.09,21.09,0
2023-01-12,18.83,18.83,18.83,18.83,18.83,0
2023-01-13,18.35,18.35,18.35,18.35,18.35,0
2023-01-16,19.49,19.49,19.49,19.49,19.49,0
2023-01-17,19.36,19.36,19.36,19.36,19.36,0
2023-01-18,20.34,20.34,20.34,20.34,20.34,0
2023-01-19,20.52,20.52,20.52,20.52,20.52,0
2023-01-20,19.85,19.85,19.85,19.85,19.85,0
2023-01-23,19.81,19.81,19.81,19.81,19.81,0
2023-01-24,19.2,19.2,19.2,19.2,19.2,0
2023-01-25,19.08,19.08,19.08,19.08,19.08,0
2023-01-26,18.73,18.73,18.73,18.73,18.73,0
2023-01-27,18.51,18.51,18.51,18.51,18.51,0
2023-01-30,19.94,19.94,19.94,19.94,19.94,0
2023-01-31,19.4,19.4,19.4,19.4,19.4,0
2023-02-01,17.87,17.87,17.87,17.87,17.87,0
2023-02-02,18.73,18.73,18.73,18.73,18.73,0
2023-02-03,18.33,18.33,18.33,18.33,18.33,0
2023-02-06,19.43,19.43,19.43,19.43,19.43,0
2023-02-07,18.66,18.66,18.66,18.66,18.66,0
2023-02-08,19.63,19.63,19.63,19.63,19.63,0
2023-02-09,20.71,20.71,20.71,20.71,20.71,0
2023-02-10,20.53,20.53,20.53,20.53,20.53,0
2023-02-13,20.34,20.34,20.34,20.34,20.34,0
2023-02-14,18.91,18.91,18.91,18.91,18.91,0
2023-02-15,18.23,18.23,18.23,18.23,18.23,0
2023-02-16,20.17,20.17,20.17,20.17,20.17,0
2023-02-17,20.02,20.02,20.02,20.02,20.02,0
2023-02-20,21.23,21.23,21.23,21.23,21.23,0
2023-02-21,22.87,22.87,22.87,22.87,22.87,0
2023-02-22,22.29,22.29,22.29,22.29,22.29,0
2023-02-23,21.14,21.14,21.14,21.14,21.14,0
2023-02-24,21.67,21.67,21.67,21.67,21.67,0
2023-02-27,20.95,20.95,20.95,20.95,20.95,0
2023-02-28,20.7,20.7,20.7,20.7,20.7,0
2023-03-01,20.58,20.58,20.58,20.58,20.58,0
2023-03-02,19.59,19.59,19.59,19.59,19.59,0
2023-03-03,18.49,18.49,18.49,18.49,18.49,0
2023-03-06,18.61,18.61,18.61,18.61,18.61,0
2023-03-07,19.59,19.59,19.59,19.59,19.59,0
2023-03-08,19.11,19.11,19.11,19.11,19.11,0
2023-03-09,22.61,22.61,22.61,22.61,22.61,0
2023-03-10,24.8,24.8,24.8,24.8,24.8,0
2023-03-13,26.52,26.52,26.52,26.52,26.52,0
2023-03-14,23.73,23.73,23.73,23.73,23.73,0
2023-03-15,26.14,26.14,26.14,26.14,26.14,0
2023-03-16,22.99,22.99,22.99,22.99,22.99,0
2023-03-17,25.51,25.51,25.51,25.51,25.51,0
2023-03-20,24.15,24.15,24.15,24.15,24.15,0
2023-03-21,21.38,21.38,21.38,21.38,21.38,0
2023-03-22,22.26,22.26,22.26,22.26,22.26,0
2023-03-23,22.61,22.61,22.61,22.61,22.61,0
2023-03-24,21.74,21.74,21.74,21.74,21.74,0
2023-03-27,20.6,20.6,20.6,20.6,20.6,0
2023-03-28,19.97,19.97,19.97,19.97,19.97,0
2023-03-29,19.12,19.12,19.12,19.12,19.12,0
2023-03-30,19.02,19.02,19.02,19.02,19.02,0
2023-03-31,18.7,18.7,18.7,18.7,18.7,0
2023-04-03,18.55,18.55,18.55,18.55,18.55,0
2023-04-04,19.0,19.0,19.0,19.0,19.0,0
2023-04-05,19.08,19.08,19.08,19.08,19.08,0
2023-04-06,18.4,18.4,18.4,18.4,18.4,0
2023-04-07,,,,,,0
2023-04-10,18.97,18.97,18.97,18.97,18.97,0
2023-04-11,19.1,19.1,19.1,19.1,19.1,0
2023-04-12,19.09,19.09,19.09,19.09,19.09,0
2023-04-13,17.8,17.8,17.8,17.8,17.8,0
2023-04-14,17.07,17.07,17.07,17.07,17.07,0
2023-04-17,16.95,16.95,16.95,16.95,16.95,0
2023-04-18,16.83,16.83,16.83,16.83,16.83,0
2023-04-19,16.46,16.46,16.46,16.46,16.46,0
2023-04-20,17.17,17.17,17.17,17.17,17.17,0
2023-04-21,16.77,16.77,16.77,16.77,16.77,0
2023-04-24,16.89,16.89,16.89,16.89,16.89,0
2023-04-25,18.76,18.76,18.76,18.76,18.76,0
2023-04-26,18.84,18.84,18.84,18.84,18.84,0
2023-04-27,17.03,17.03,17.03,17.03,17.03,0
2023-04-28,15.78,15.78,15.78,15.78,15.78,0
2023-05-01,16.08,16.08,16.08,16.08,16.08,0
2023-05-02,17.78,17.78,17.78,17.78,17.78,0
2023-05-03,18.34,18.34,18.34,18.34,18.34,0
2023-05-04,20.09,20.09,20.09,20.09,20.09,0
2023-05-05,17.19,17.19,17.19,17.19,17.19,0
2023-05-08,16.98,16.98,16.98,16.98,16.98,0
2023-05-09,17.71,17.71,17.71,17.71,17.71,0
2023-05-10,16.94,16.94,16.94,16.94,16.94,0
2023-05-11,16.93,16.93,16.93,16.93,16.93,0
2023-05-12,17.03,17.03,17.03,17.03,17.03,0
2023-05-15,17.12,17.12,17.12,17.12,17.12,0
2023-05-16,17.99,17.99,17.99,17.99,17.99,0
2023-05-17,16.87,16.87,16.87,16.87,16.87,0
2023-05-18,16.05,16.05,16.05,16.05,16.05,0
2023-05-19,16.81,16.81,16.81,16.81,16.81,0
2023-05-22,17.21,17.21,17.21,17.21,17.21,0
2023-05-23,18.53,18.53,18.53,18.53,18.53,0
2023-05-24,20.03,20.03,20.03,20.03,20.03,0
2023-05-25,19.14,19.14,19.14,19.14,19.14,0
2023-05-26,17.95,17.95,17.95,17.95,17.95,0
2023-05-29,17.46,17.46,17.46,17.46,17.46,0
2023-05-30,17.46,17.46,17.46,17.46,17.46,0
2023-05-31,17.94,17.94,17.94,17.94,17.94,0
2023-06-01,15.65,15.65,15.65,15.65,15.65,0
2023-06-02,14.6,14.6,14.6,14.6,14.6,0
2023-06-05,14.73,14.73,14.73,14.73,14.73,0
2023-06-06,13.96,13.96,13.96,13.96,13.96,0
2023-06-07,13.94,13.94,13.94,13.94,13.94,0
2023-06-08,13.65,13.65,13.65,13.65,13.65,0
2023-06-09,13.83,13.83,13.83,13.83,13.83,0
2023-06-12,15.01,15.01,15.01,15.01,15.01,0
2023-06-13,14.61,14.61,14.61,14.61,14.61,0
2023-06-14,13.88,13.88,13.88,13.88,13.88,0
2023-06-15,14.5,14.5,14.5,14.5,14.5,0
2023-06-16,13.54,13.54,13.54,13.54,13.54,0
2023-06-19,14.19,14.19,14.19,14.19,14.19,0
2023-06-20,13.88,13.88,13.88,13.88,13.88,0
2023-06-21,13.2,13.2,13.2,13.2,13.2,0
2023-06-22,12.91,12.91,12.91,12.91,12.91,0
2023-06-23,13.44,13.44,13.44,13.44,13.44,0
2023-06-26,14.25,14.25,14.25,14.25,14.25,0
2023-06-27,13.74,13.74,13.74,13.74,13.74,0
2023-06-28,13.43,13.43,13.43,13.43,13.43,0
2023-06-29,13.54,13.54,13.54,13.54,13.54,0
2023-06-30,13.59,13.59,13.59,13.59,13.59,0
2023-07-03,13.57,13.57,13.57,13.57,13.57,0
2023-07-04,13.7,13.7,13.7,13.7,13.7,0
2023-07-05,14.18,14.18,14.18,14.18,14.18,0
2023-07-06,15.44,15.44,15.44,15.44,15.44,0
2023-07-07,14.83,14.83,14.83,14.83,14.83,0
2023-07-10,15.07,15.07,15.07,15.07,15.07,0
2023-07-11,14.84,14.84,14.84,14.84,14.84,0
2023-07-12,13.54,13.54,13.54,13.54,13.54,0
2023-07-13,13.61,13.61,13.61,13.61,13.61,0
2023-07-14,13.34,13.34,13.34,13.34,13.34,0
2023-07-17,13.48,13.48,13.48,13.48,13.48,0
2023-07-18,13.3,13.3,13.3,13.3,13.3,0
2023-07-19,13.76,13.76,13.76,13.76,13.76,0
2023-07-20,13.99,13.99,13.99,13.99,13.99,0
2023-07-21,13.6,13.6,13.6,13.6,13.6,0
2023-07-24,13.91,13.91,13.91,13.91,13.91,0
2023-07-25,13.86,13.86,13.86,13.86,13.86,0
2023-07-26,13.19,13.19,13.19,13.19,13.19,0
2023-07-27,14.41,14.41,14.41,14.41,14.41,0
2023-07-28,13.33,13.33,13.33,13.33,13.33,0
2023-07-31,13.63,13.63,13.63,13.63,13.63,0
2023-08-01,13.93,13.93,13.93,13.93,13.93,0
2023-08-02,16.09,16.09,16.09,16.09,16.09,0
2023-08-03,15.92,15.92,15.92,15.92,15.92,0
2023-08-04,17.1,17.1,17.1,17.1,17.1,0
2023-08-07,15.77,15.77,15.77,15.77,15.77,0
2023-08-08,15.99,15.99,15.99,15.99,15.99,0
2023-08-09,15.96,15.96,15.96,15.96,15.96,0
2023-08-10,15.85,15.85,15.85,15.85,15.85,0
2023-08-11,14.84,14.84,14.84,14.84,14.84,0
2023-08-14,14.82,14.82,14.82,14.82,14.82,0
2023-08-15,16.46,16.46,16.46,16.46,16.46,0
2023-08-16,16.78,16.78,16.78,16.78,16.78,0
2023-08-17,17.89,17.89,17.89,17.89,17.89,0
2023-08-18,17.3,17.3,17.3,17.3,17.3,0
2023-08-21,17.13,17.13,17.13,17.13,17.13,0
2023-08-22,16.97,16.97,16.97,16.97,16.97,0
2023-08-23,15.98,15.98,15.98,15.98,15.98,0
2023-08-24,17.2,17.2,17.2,17.2,17.2,0
2023-08-25,15.68,15.68,15.68,15.68,15.68,0
2023-08-28,15.08,15.08,15.08,15.08,15.08,0
2023-08-29,14.45,14.45,14.45,14.45,14.45,0
2023-08-30,13.88,13.88,13.88,13.88,13.88,0
2023-08-31,13.57,13.57,13.57,13.57,13.57,0
2023-09-01,13.09,13.09,13.09,13.09,13.09,0
2023-09-04,13.82,13.82,13.82,13.82,13.82,0
2023-09-05,14.01,14.01,14.01,14.01,14.01,0
2023-09-06,14.45,14.45,14.45,14.45,14.45,0
2023-09-07,14.4,14.4,14.4,14.4,14.4,0
2023-09-08,13.84,13.84,13.84,13.84,13.84,0
2023-09-11,13.8,13.8,13.8,13.8,13.8,0
2023-09-12,14.23,14.23,14.23,14.23,14.23,0
2023-09-13,13.48,13.48,13.48,13.48,13.48,0
2023-09-14,12.82,12.82,12.82,12.82,12.82,0
2023-09-15,13.79,13.79,13.79,13.79,13.79,0
2023-09-18,14.0,14.0,14.0,14.0,14.0,0
2023-09-19,14.11,14.11,14.11,14.11,14.11,0
2023-09-20,15.14,15.14,15.14,15.14,15.14,0
2023-09-21,17.54,17.54,17.54,17.54,17.54,0
2023-09-22,17.2,17.2,17.2,17.2,17.2,0
2023-09-25,16.9,16.9,16.9,16.9,16.9,0
2023-09-26,18.94,18.94,18.94,18.94,18.94,0
2023-09-27,18.22,18.22,18.22,18.22,18.22,0
2023-09-28,17.34,17.34,17.34,17.34,17.34,0
2023-09-29,17.52,17.52,17.52,17.52,17.52,0
2023-10-02,17.61,17.61,17.61,17.61,17.61,0
2023-10-03,19.78,19.78,19.78,19.78,19.78,0
2023-10-04,18.58,18.58,18.58,18.58,18.58,0
2023-10-05,18.49,18.49,18.49,18.49,18.49,0
2023-10-06,17.45,17.45,17.45,17.45,17.45,0
2023-10-09,17.7,17.7,17.7,17.7,17.7,0
2023-10-10,17.03,17.03,17.03,17.03,17.03,0
2023-10-11,16.09,16.09,16.09,16.09,16.09,0
2023-10-12,16.69,16.69,16.69,16.69,16.69,0
2023-10-13,19.32,19.32,19.32,19.32,19.32,0
2023-10-16,17.21,17.21,17.21,17.21,17.21,0
2023-10-17,17.88,17.88,17.88,17.88,17.88,0
2023-10-18,19.22,19.22,19.22,19.22,19.22,0
2023-10-19,21.4,21.4,21.4,21.4,21.4,0
2023-10-20,21.71,21.71,21.71,21.71,21.71,0
2023-10-23,20.37,20.37,20.37,20.37,20.37,0
2023-10-24,18.97,18.97,18.97,18.97,18.97,0
2023-10-25,20.19,20.19,20.19,20.19,20.19,0
2023-10-26,20.68,20.68,20.68,20.68,20.68,0
2023-10-27,21.27,21.27,21.27,21.27,21.27,0
2023-10-30,19.75,19.75,19.75,19.75,19.75,0
2023-10-31,18.14,18.14,18.14,18.14,18.14,0
2023-11-01,16.87,16.87,16.87,16.87,16.87,0
2023-11-02,15.66,15.66,15.66,15.66,15.66,0
2023-11-03,14.91,14.91,14.91,14.91,14.91,0
2023-11-06,14.89,14.89,14.89,14.89,14.89,0
2023-11-07,14.81,14.81,14.81,14.81,14.81,0
2023-11-08,14.45,14.45,14.45,14.45,14.45,0
2023-11-09,15.29,15.29,15.29,15.29,15.29,0
2023-11-10,14.17,14.17,14.17,14.17,14.17,0
2023-11-13,14.76,14.76,14.76,14.76,14.76,0
2023-11-14,14.16,14.16,14.16,14.16,14.16,0
2023-11-15,14.18,14.18,14.18,14.18,14.18,0
2023-11-16,14.32,14.32,14.32,14.32,14.32,0
2023-11-17,13.8,13.8,13.8,13.8,13.8,0
2023-11-20,13.41,13.41,13.41,13.41,13.41,0
2023-11-21,13.35,13.35,13.35,13.35,13.35,0
2023-11-22,12.85,12.85,12.85,12.85,12.85,0
2023-11-23,12.8,12.8,12.8,12.8,12.8,0
2023-11-24,12.46,12.46,12.46,12.46,12.46,0
2023-11-27,12.69,12.69,12.69,12.69,12.69,0
2023-11-28,12.69,12.69,12.69,12.69,12.69,0
2023-11-29,12.98,12.98,12.98,12.98,12.98,0
2023-11-30,12.92,12.92,12.92,12.92,12.92,0
2023-12-01,12.63,12.63,12.63,12.63,12.63,0
2023-12-04,13.08,13.08,13.08,13.08,13.08,0
2023-12-05,12.85,12.85,12.85,12.85,12.85,0
2023-12-06,12.97,12.97,12.97,12.97,12.97,0
2023-12-07,13.06,13.06,13.06,13.06,13.06,0
2023-12-08,12.35,12.35,12.35,12.35,12.35,0
2023-12-11,12.63,12.63,12.63,12.63,12.63,0
2023-12-12,12.07,12.07,12.07,12.07,12.07,0
2023-12-13,12.19,12.19,12.19,12.19,12.19,0
2023-12-14,12.48,12.48,12.48,12.48,12.48,0
2023-12-15,12.28,12.28,12.28,12.28,12.28,0
2023-12-18,12.56,12.56,12.56,12.56,12.56,0
2023-12-19,12.53,12.53,12.53,12.53,12.53,0
2023-12-20,13.67,13.67,13.67,13.67,13.67,0
2023-12-21,13.65,13.65,13.65,13.65,13.65,0
2023-12-22,13.03,13.03,13.03,13.03,13.03,0
2023-12-25,,,,,,0
2023-12-26,12.99,12.99,12.99,12.99,12.99,0
2023-12-27,12.43,12.43,12.43,12.43,12.43,0
2023-12-28,12.47,12.47,12.47,12.47,12.47,0
2023-12-29,12.45,12.45,12.45,12.45,12.45,0
2024-01-01,,,,,,0
2024-01-02,13.2,13.2,13.2,13.2,13.2,0
2024-01-03,14.04,14.04,14.04,14.04,14.04,0
2024-01-04,14.13,14.13,14.13,14.13,14.13,0
2024-01-05,13.35,13.35,13.35,13.35,13.35,0
2024-01-08,13.08,13.08,13.08,13.08,13.08,0
2024-01-09,12.76,12.76,12.76,12.76,12.76,0
2024-01-10,12.69,12.69,12.69,12.69,12.69,0
2024-01-11,12.44,12.44,12.44,12.44,12.44,0
2024-01-12,12.7,12.7,12.7,12.7,12.7,0
2024-01-15,13.25,13.25,13.25,13.25,13.25,0
2024-01-16,13.84,13.84,13.84,13.84,13.84,0
2024-01-17,14.79,14.79,14.79,14.79,14.79,0
2024-01-18,14.13,14.13,14.13,14.13,14.13,0
2024-01-19,13.3,13.3,13.3,13.3,13.3,0
2024-01-22,13.19,13.19,13.19,13.19,13.19,0
2024-01-23,12.55,12.55,12.55,12.55,12.55,0
2024-01-24,13.14,13.14,13.14,13.14,13.14,0
2024-01-25,13.45,13.45,13.45,13.45,13.45,0
2024-01-26,13.26,13.26,13.26,13.26,13.26,0
2024-01-29,13.6,13.6,13.6,13.6,13.6,0
2024-01-30,13.31,13.31,13.31,13.31,13.31,0
2024-01-31,14.35,14.35,14.35,14.35,14.35,0
2024-02-01,13.88,13.88,13.88,13.88,13.88,0
2024-02-02,13.85,13.85,13.85,13.85,13.85,0
2024-02-05,13.67,13.67,13.67,13.67,13.67,0
2024-02-06,13.06,13.06,13.06,13.06,13.06,0
2024-02-07,12.83,12.83,12.83,12.83,12.83,0
2024-02-08,12.79,12.79,12.79,12.79,12.79,0
2024-02-09,12.93,12.93,12.93,12.93,12.93,0
2024-02-12,13.93,13.93,13.93,13.93,13.93,0
2024-02-13,15.85,15.85,15.85,15.85,15.85,0
2024-02-14,14.38,14.38,14.38,14.38,14.38,0
2024-02-15,14.01,14.01,14.01,14.01,14.01,0
2024-02-16,14.24,14.24,14.24,14.24,14.24,0
2024-02-19,14.71,14.71,14.71,14.71,14.71,0
2024-02-20,15.42,15.42,15.42,15.42,15.42,0
2024-02-21,15.34,15.34,15.34,15.34,15.34,0
2024-02-22,14.54,14.54,14.54,14.54,14.54,0
2024-02-23,13.75,13.75,13.75,13.75,13.75,0
2024-02-26,13.74,13.74,13.74,13.74,13.74,0
2024-02-27,13.43,13.43,13.43,13.43,13.43,0
2024-02-28,13.84,13.84,13.84,13.84,13.84,0
2024-02-29,13.4,13.4,13.4,13.4,13.4,0
2024-03-01,13.11,13.11,13.11,13.11,13.11,0
2024-03-04,13.49,13.49,13.49,13.49,13.49,0
2024-03-05,14.46,14.46,14.46,14.46,14.46,0
2024-03-06,14.5,14.5,14.5,14.5,14.5,0
2024-03-07,14.44,14.44,14.44,14.44,14.44,0
2024-03-08,14.74,14.74,14.74,14.74,14.74,0
2024-03-11,15.22,15.22,15.22,15.22,15.22,0
2024-03-12,13.84,13.84,13.84,13.84,13.84,0
2024-03-13,13.75,13.75,13.75,13.75,13.75,0
2024-03-14,14.4,14.4,14.4,14.4,14.4,0
2024-03-15,14.41,14.41,14.41,14.41,14.41,0
2024-03-18,14.33,14.33,14.33,14.33,14.33,0
2024-03-19,13.82,13.82,13.82,13.82,13.82,0
2024-03-20,13.04,13.04,13.04,13.04,13.04,0
2024-03-21,12.92,12.92,12.92,12.92,12.92,0
2024-03-22,13.06,13.06,13.06,13.06,13.06,0
2024-03-25,13.19,13.19,13.19,13.19,13.19,0
2024-03-26,13.24,13.24,13.24,13.24,13.24,0
2024-03-27,12.78,12.78,12.78,12.78,12.78,0
2024-03-28,13.01,13.01,13.01,13.01,13.01,0
2024-03-29,,,,,,0
2024-04-01,13.65,13.65,13.65,13.65,13.65,0
2024-04-02,14.61,14.61,14.61,14.61,14.61,0
2024-04-03,14.33,14.33,14.33,14.33,14.33,0
2024-04-04,16.35,16.35,16.35,16.35,16.35,0
2024-04-05,16.03,16.03,16.03,16.03,16.03,0
2024-04-08,15.19,15.19,15.19,15.19,15.19,0
2024-04-09,14.98,14.98,14.98,14.98,14.98,0
2024-04-10,15.8,15.8,15.8,15.8,15.8,0
2024-04-11,14.91,14.91,14.91,14.91,14.91,0
2024-04-12,17.31,17.31,17.31,17.31,17.31,0
2024-04-15,19.23,19.23,19.23,19.23,19.23,0
2024-04-16,18.4,18.4,18.4,18.4,18.4,0
2024-04-17,18.21,18.21,18.21,18.21,18.21,0
2024-04-18,18.0,18.0,18.0,18.0,18.0,0
2024-04-19,18.71,18.71,18.71,18.71,18.71,0
2024-04-22,16.94,16.94,16.94,16.94,16.94,0
2024-04-23,15.69,15.69,15.69,15.69,15.69,0
2024-04-24,15.97,15.97,15.97,15.97,15.97,0
2024-04-25,15.37,15.37,15.37,15.37,15.37,0
2024-04-26,15.03,15.03,15.03,15.03,15.03,0
2024-04-29,14.67,14.67,14.67,14.67,14.67,0
2024-04-30,15.65,15.65,15.65,15.65,15.65,0
2024-05-01,15.39,15.39,15.39,15.39,15.39,0
2024-05-02,14.68,14.68,14.68,14.68,14.68,0
2024-05-03,13.49,13.49,13.49,13.49,13.49,0
2024-05-06,13.49,13.49,13.49,13.49,13.49,0
2024-05-07,13.23,13.23,13.23,13.23,13.23,0
2024-05-08,13.0,13.0,13.0,13.0,13.0,0
2024-05-09,12.69,12.69,12.69,12.69,12.69,0
2024-05-10,12.55,12.55,12.55,12.55,12.55,0
2024-05-13,13.6,13.6,13.6,13.6,13.6,0
2024-05-14,13.42,13.42,13.42,13.42,13.42,0
2024-05-15,12.45,12.45,12.45,12.45,12.45,0
2024-05-16,12.42,12.42,12.42,12.42,12.42,0
2024-05-17,11.99,11.99,11.99,11.99,11.99,0
2024-05-20,12.15,12.15,12.15,12.15,12.15,0
2024-05-21,11.86,11.86,11.86,11.86,11.86,0
2024-05-22,12.29,12.29,12.29,12.29,12.29,0
2024-05-23,12.77,12.77,12.77,12.77,12.77,0
2024-05-24,11.93,11.93,11.93,11.93,11.93,0
2024-05-27,12.36,12.36,12.36,12.36,12.36,0
2024-05-28,12.92,12.92,12.92,12.92,12.92,0
2024-05-29,14.28,14.28,14.28,14.28,14.28,0
2024-05-30,14.47,14.47,14.47,14.47,14.47,0
2024-05-31,12.92,12.92,12.92,12.92,12.92,0
2024-06-03,13.11,13.11,13.11,13.11,13.11,0
2024-06-04,13.16,13.16,13.16,13.16,13.16,0
2024-06-05,12.63,12.63,12.63,12.63,12.63,0
2024-06-06,12.58,12.58,12.58,12.58,12.58,0
2024-06-07,12.22,12.22,12.22,12.22,12.22,0
2024-06-10,12.74,12.74,12.74,12.74,12.74,0
2024-06-11,12.85,12.85,12.85,12.85,12.85,0
2024-06-12,12.04,12.04,12.04,12.04,12.04,0
2024-06-13,11.94,11.94,11.94,11.94,11.94,0
2024-06-14,12.66,12.66,12.66,12.66,12.66,0
2024-06-17,12.75,12.75,12.75,12.75,12.75,0
2024-06-18,12.3,12.3,12.3,12.3,12.3,0
2024-06-19,12.48,12.48,12.48,12.48,12.48,0
2024-06-20,13.28,13.28,13.28,13.28,13.28,0
2024-06-21,13.2,13.2,13.2,13.2,13.2,0
2024-06-24,13.33,13.33,13.33,13.33,13.33,0
2024-06-25,12.84,12.84,12.84,12.84,12.84,0
2024-06-26,12.55,12.55,12.55,12.55,12.55,0
2024-06-27,12.24,12.24,12.24,12.24,12.24,0
2024-06-28,12.44,12.44,12.44,12.44,12.44,0
2024-07-01,12.22,12.22,12.22,12.22,12.22,0
2024-07-02,12.03,12.03,12.03,12.03,12.03,0
2024-07-03,12.09,12.09,12.09,12.09,12.09,0
2024-07-04,12.26,12.26,12.26,12.26,12.26,0
2024-07-05,12.48,12.48,12.48,12.48,12.48,0
2024-07-08,12.37,12.37,12.37,12.37,12.37,0
2024-07-09,12.51,12.51,12.51,12.51,12.51,0
2024-07-10,12.85,12.85,12.85,12.85,12.85,0
2024-07-11,12.92,12.92,12.92,12.92,12.92,0
2024-07-12,12.46,12.46,12.46,12.46,12.46,0
2024-07-15,13.12,13.12,13.12,13.12,13.12,0
2024-07-16,13.19,13.19,13.19,13.19,13.19,0
2024-07-17,14.48,14.48,14.48,14.48,14.48,0
2024-07-18,15.93,15.93,15.93,15.93,15.93,0
2024-07-19,16.52,16.52,16.52,16.52,16.52,0
2024-07-22,14.91,14.91,14.91,14.91,14.91,0
2024-07-23,14.72,14.72,14.72,14.72,14.72,0
2024-07-24,18.04,18.04,18.04,18.04,18.04,0
2024-07-25,18.46,18.46,18.46,18.46,18.46,0
2024-07-26,16.39,16.39,16.39,16.39,16.39,0
2024-07-29,16.6,16.6,16.6,16.6,16.6,0
2024-07-30,17.69,17.69,17.69,17.69,17.69,0
2024-07-31,16.36,16.36,16.36,16.36,16.36,0
2024-08-01,18.59,18.59,18.59,18.59,18.59,0
2024-08-02,23.39,23.39,23.39,23.39,23.39,0
2024-08-05,38.57,38.57,38.57,38.57,38.57,0
2024-08-06,27.71,27.71,27.71,27.71,27.71,0
2024-08-07,27.85,27.85,27.85,27.85,27.85,0
2024-08-08,23.79,23.79,23.79,23.79,23.79,0
2024-08-09,20.37,20.37,20.37,20.37,20.37,0
2024-08-12,20.71,20.71,20.71,20.71,20.71,0
2024-08-13,18.12,18.12,18.12,18.12,18.12,0
2024-08-14,16.19,16.19,16.19,16.19,16.19,0
2024-08-15,15.23,15.23,15.23,15.23,15.23,0
2024-08-16,14.8,14.8,14.8,14.8,14.8,0
2024-08-19,14.65,14.65,14.65,14.65,14.65,0
2024-08-20,15.88,15.88,15.88,15.88,15.88,0
2024-08-21,16.27,16.27,16.27,16.27,16.27,0
2024-08-22,17.55,17.55,17.55,17.55,17.55,0
2024-08-23,15.86,15.86,15.86,15.86,15.86,0
2024-08-26,16.15,16.15,16.15,16.15,16.15,0
2024-08-27,15.43,15.43,15.43,15.43,15.43,0
2024-08-28,17.11,17.11,17.11,17.11,17.11,0
2024-08-29,15.65,15.65,15.65,15.65,15.65,0
2024-08-30,15.0,15.0,15.0,15.0,15.0,0
2024-09-02,15.55,15.55,15.55,15.55,15.55,0
2024-09-03,20.72,20.72,20.72,20.72,20.72,0
2024-09-04,21.32,21.32,21.32,21.32,21.32,0
2024-09-05,19.9,19.9,19.9,19.9,19.9,0
2024-09-06,22.38,22.38,22.38,22.38,22.38,0
2024-09-09,19.45,19.45,19.45,19.45,19.45,0
2024-09-10,19.08,19.08,19.08,19.08,19.08,0
2024-09-11,17.69,17.69,17.69,17.69,17.69,0
2024-09-12,17.07,17.07,17.07,17.07,17.07,0
2024-09-13,16.56,16.56,16.56,16.56,16.56,0
2024-09-16,17.14,17.14,17.14,17.14,17.14,0
2024-09-17,17.61,17.61,17.61,17.61,17.61,0
2024-09-18,18.23,18.23,18.23,18.23,18.23,0
2024-09-19,16.33,16.33,16.33,16.33,16.33,0
2024-09-20,16.15,16.15,16.15,16.15,16.15,0
2024-09-23,15.89,15.89,15.89,15.89,15.89,0
2024-09-24,15.39,15.39,15.39,15.39,15.39,0
2024-09-25,15.41,15.41,15.41,15.41,15.41,0
2024-09-26,15.37,15.37,15.37,15.37,15.37,0
2024-09-27,16.96,16.96,16.96,16.96,16.96,0
2024-09-30,16.73,16.73,16.73,16.73,16.73,0
2024-10-01,19.26,19.26,19.26,19.26,19.26,0
2024-10-02,18.9,18.9,18.9,18.9,18.9,0
2024-10-03,20.49,20.49,20.49,20.49,20.49,0
2024-10-04,19.21,19.21,19.21,19.21,19.21,0
2024-10-07,22.64,22.64,22.64,22.64,22.64,0
2024-10-08,21.42,21.42,21.42,21.42,21.42,0
2024-10-09,20.86,20.86,20.86,20.86,20.86,0
2024-10-10,20.93,20.93,20.93,20.93,20.93,0
2024-10-11,20.46,20.46,20.46,20.46,20.46,0
2024-10-14,19.7,19.7,19.7,19.7,19.7,0
2024-10-15,20.64,20.64,20.64,20.64,20.64,0
2024-10-16,19.58,19.58,19.58,19.58,19.58,0
2024-10-17,19.11,19.11,19.11,19.11,19.11,0
2024-10-18,18.03,18.03,18.03,18.03,18.03,0
2024-10-21,18.37,18.37,18.37,18.37,18.37,0
2024-10-22,18.2,18.2,18.2,18.2,18.2,0
2024-10-23,19.24,19.24,19.24,19.24,19.24,0
2024-10-24,19.08,19.08,19.08,19.08,19.08,0
2024-10-25,20.33,20.33,20.33,20.33,20.33,0
2024-10-28,19.8,19.8,19.8,19.8,19.8,0
2024-10-29,19.34,19.34,19.34,19.34,19.34,0
2024-10-30,20.35,20.35,20.35,20.35,20.35,0
2024-10-31,23.16,23.16,23.16,23.16,23.16,0
2024-11-01,21.88,21.88,21.88,21.88,21.88,0
2024-11-04,21.98,21.98,21.98,21.98,21.98,0
2024-11-05,20.49,20.49,20.49,20.49,20.49,0
2024-11-06,16.27,16.27,16.27,16.27,16.27,0
2024-11-07,15.2,15.2,15.2,15.2,15.2,0
2024-11-08,14.94,14.94,14.94,14.94,14.94,0
2024-11-11,14.97,14.97,14.97,14.97,14.97,0
2024-11-12,14.71,14.71,14.71,14.71,14.71,0
2024-11-13,14.02,14.02,14.02,14.02,14.02,0
2024-11-14,14.31,14.31,14.31,14.31,14.31,0
2024-11-15,16.14,16.14,16.14,16.14,16.14,0
2024-11-18,15.58,15.58,15.58,15.58,15.58,0
2024-11-19,16.35,16.35,16.35,16.35,16.35,0
2024-11-20,17.16,17.16,17.16,17.16,17.16,0
2024-11-21,16.87,16.87,16.87,16.87,16.87,0
2024-11-22,15.24,15.24,15.24,15.24,15.24,0
2024-11-25,14.6,14.6,14.6,14.6,14.6,0
2024-11-26,14.1,14.1,14.1,14.1,14.1,0
2024-11-27,14.1,14.1,14.1,14.1,14.1,0
2024-11-28,13.9,13.9,13.9,13.9,13.9,0
2024-11-29,13.51,13.51,13.51,13.51,13.51,0
2024-12-02,13.34,13.34,13.34,13.34,13.34,0
2024-12-03,13.3,13.3,13.3,13.3,13.3,0
2024-12-04,13.45,13.45,13.45,13.45,13.45,0
2024-12-05,13.54,13.54,13.54,13.54,13.54,0
2024-12-06,12.77,12.77,12.77,12.77,12.77,0
2024-12-09,14.19,14.19,14.19,14.19,14.19,0
2024-12-10,14.18,14.18,14.18,14.18,14.18,0
2024-12-11,13.58,13.58,13.58,13.58,13.58,0
2024-12-12,13.92,13.92,13.92,13.92,13.92,0
2024-12-13,13.81,13.81,13.81,13.81,13.81,0
2024-12-16,14.69,14.69,14.69,14.69,14.69,0
2024-12-17,15.87,15.87,15.87,15.87,15.87,0
2024-12-18,27.62,27.62,27.62,27.62,27.62,0
2024-12-19,24.09,24.09,24.09,24.09,24.09,0
2024-12-20,18.36,18.36,18.36,18.36,18.36,0
2024-12-23,16.78,16.78,16.78,16.78,16.78,0
2024-12-24,14.27,14.27,14.27,14.27,14.27,0
2024-12-25,,,,,,0
2024-12-26,14.73,14.73,14.73,14.73,14.73,0
2024-12-27,15.95,15.95,15.95,15.95,15.95,0
2024-12-30,17.4,17.4,17.4,17.4,17.4,0
2024-12-31,17.35,17.35,17.35,17.35,17.35,0
2025-01-01,,,,,,0
2025-01-02,17.93,17.93,17.93,17.93,17.93,0
2025-01-03,16.13,16.13,16.13,16.13,16.13,0
2025-01-06,16.04,16.04,16.04,16.04,16.04,0
2025-01-07,17.82,17.82,17.82,17.82,17.82,0
2025-01-08,17.7,17.7,17.7,17.7,17.7,0
2025-01-09,18.07,18.07,18.07,18.07,18.07,0
2025-01-10,19.54,19.54,19.54,19.54,19.54,0
2025-01-13,19.19,19.19,19.19,19.19,19.19,0
2025-01-14,18.71,18.71,18.71,18.71,18.71,0
2025-01-15,16.12,16.12,16.12,16.12,16.12,0
2025-01-16,16.6,16.6,16.6,16.6,16.6,0
2025-01-17,15.97,15.97,15.97,15.97,15.97,0
2025-01-20,15.81,15.81,15.81,15.81,15.81,0
2025-01-21,15.06,15.06,15.06,15.06,15.06,0
2025-01-22,15.1,15.1,15.1,15.1,15.1,0
2025-01-23,15.02,15.02,15.02,15.02,15.02,0
2025-01-24,14.85,14.85,14.85,14.85,14.85,0
2025-01-27,17.9,17.9,17.9,17.9,17.9,0
2025-01-28,16.41,16.41,16.41,16.41,16.41,0
2025-01-29,16.56,16.56,16.56,16.56,16.56,0
2025-01-30,15.84,15.84,15.84,15.84,15.84,0
2025-01-31,16.43,16.43,16.43,16.43,16.43,0
2025-02-03,18.62,18.62,18.62,18.62,18.62,0
2025-02-04,17.21,17.21,17.21,17.21,17.21,0
2025-02-05,15.77,15.77,15.77,15.77,15.77,0
2025-02-06,15.5,15.5,15.5,15.5,15.5,0
2025-02-07,16.54,16.54,16.54,16.54,16.54,0
2025-02-10,15.81,15.81,15.81,15.81,15.81,0
2025-02-11,16.02,16.02,16.02,16.02,16.02,0
2025-02-12,15.89,15.89,15.89,15.89,15.89,0
2025-02-13,15.1,15.1,15.1,15.1,15.1,0
2025-02-14,14.77,14.77,14.77,14.77,14.77,0
2025-02-17,15.37,15.37,15.37,15.37,15.37,0
2025-02-18,15.35,15.35,15.35,15.35,15.35,0
2025-02-19,15.27,15.27,15.27,15.27,15.27,0
2025-02-20,15.66,15.66,15.66,15.66,15.66,0
2025-02-21,18.21,18.21,18.21,18.21,18.21,0
2025-02-24,18.98,18.98,18.98,18.98,18.98,0
2025-02-25,19.43,19.43,19.43,19.43,19.43,0
2025-02-26,19.1,19.1,19.1,19.1,19.1,0
2025-02-27,21.13,21.13,21.13,21.13,21.13,0
2025-02-28,19.63,19.63,19.63,19.63,19.63,0
2025-03-03,22.78,22.78,22.78,22.78,22.78,0
2025-03-04,23.51,23.51,23.51,23.51,23.51,0
2025-03-05,21.93,21.93,21.93,21.93,21.93,0
2025-03-06,24.87,24.87,24.87,24.87,24.87,0
2025-03-07,23.37,23.37,23.37,23.37,23.37,0
2025-03-10,27.86,27.86,27.86,27.86,27.86,0
2025-03-11,26.92,26.92,26.92,26.92,26.92,0
2025-03-12,24.23,24.23,24.23,24.23,24.23,0
2025-03-13,24.66,24.66,24.66,24.66,24.66,0
2025-03-14,21.77,21.77,21.77,21.77,21.77,0
2025-03-17,20.51,20.51,20.51,20.51,20.51,0
2025-03-18,21.7,21.7,21.7,21.7,21.7,0
2025-03-19,19.9,19.9,19.9,19.9,19.9,0
2025-03-20,19.8,19.8,19.8,19.8,19.8,0
2025-03-21,19.28,19.28,19.28,19.28,19.28,0
2025-03-24,17.48,17.48,17.48,17.48,17.48,0
2025-03-25,17.15,17.15,17.15,17.15,17.15,0
2025-03-26,18.33,18.33,18.33,18.33,18.33,0
2025-03-27,18.69,18.69,18.69,18.69,18.69,0
2025-03-28,21.65,21.65,21.65,21.65,21.65,0
2025-03-31,22.28,22.28,22.28,22.28,22.28,0
2025-04-01,21.77,21.77,21.77,21.77,21.77,0
2025-04-02,21.51,21.51,21.51,21.51,21.51,0
2025-04-03,30.02,30.02,30.02,30.02,30.02,0
2025-04-04,45.31,45.31,45.31,45.31,45.31,0
2025-04-07,46.98,46.98,46.98,46.98,46.98,0
2025-04-08,52.33,52.33,52.33,52.33,52.33,0
2025-04-09,33.62,33.62,33.62,33.62,33.62,0
2025-04-10,40.72,40.72,40.72,40.72,40.72,0
2025-04-11,37.56,37.56,37.56,37.56,37.56,0
2025-04-14,30.89,30.89,30.89,30.89,30.89,0
2025-04-15,30.12,30.12,30.12,30.12,30.12,0
2025-04-16,32.64,32.64,32.64,32.64,32.64,0
2025-04-17,29.65,29.65,29.65,29.65,29.65,0
2025-04-18,,,,,,0
2025-04-21,33.82,33.82,33.82,33.82,33.82,0
2025-04-22,30.57,30.57,30.57,30.57,30.57,0
2025-04-23,28.45,28.45,28.45,28.45,28.45,0
2025-04-24,26.47,26.47,26.47,26.47,26.47,0
2025-04-25,24.84,24.84,24.84,24.84,24.84,0
2025-04-28,25.15,25.15,25.15,25.15,25.15,0
2025-04-29,24.17,24.17,24.17,24.17,24.17,0
2025-04-30,24.7,24.7,24.7,24.7,24.7,0
2025-05-01,24.6,24.6,24.6,24.6,24.6,0
2025-05-02,22.68,22.68,22.68,22.68,22.68,0
2025-05-05,23.64,23.64,23.64,23.64,23.64,0
2025-05-06,24.76,24.76,24.76,24.76,24.76,0
2025-05-07,23.55,23.55,23.55,23.55,23.55,0
2025-05-08,22.48,22.48,22.48,22.48,22.48,0
2025-05-09,21.9,21.9,21.9,21.9,21.9,0
2025-05-12,18.39,18.39,18.39,18.39,18.39,0
2025-05-13,18.22,18.22,18.22,18.22,18.22,0
2025-05-14,18.62,18.62,18.62,18.62,18.62,0
2025-05-15,17.83,17.83,17.83,17.83,17.83,0
2025-05-16,17.24,17.24,17.24,17.24,17.24,0
2025-05-19,18.14,18.14,18.14,18.14,18.14,0
2025-05-20,18.09,18.09,18.09,18.09,18.09,0
2025-05-21,20.87,20.87,20.87,20.87,20.87,0
2025-05-22,20.28,20.28,20.28,20.28,20.28,0
2025-05-23,22.29,22.29,22.29,22.29,22.29,0
2025-05-26,20.57,20.57,20.57,20.57,20.57,0
2025-05-27,18.96,18.96,18.96,18.96,18.96,0
2025-05-28,19.31,19.31,19.31,19.31,19.31,0
2025-05-29,19.18,19.18,19.18,19.18,19.18,0
2025-05-30,18.57,18.57,18.57,18.57,18.57,0
2025-06-02,18.36,18.36,18.36,18.36,18.36,0
2025-06-03,17.69,17.69,17.69,17.69,17.69,0
2025-06-04,17.61,17.61,17.61,17.61,17.61,0
2025-06-05,18.48,18.48,18.48,18.48,18.48,0
2025-06-06,16.77,16.77,16.77,16.77,16.77,0
2025-06-09,17.16,17.16,17.16,17.16,17.16,0
2025-06-10,16.95,16.95,16.95,16.95,16.95,0
2025-06-11,17.26,17.26,17.26,17.26,17.26,0
2025-06-12,18.02,18.02,18.02,18.02,18.02,0
2025-06-13,20.82,20.82,20.82,20.82,20.82,0
2025-06-16,19.11,19.11,19.11,19.11,19.11,0
2025-06-17,21.6,21.6,21.6,21.6,21.6,0
2025-06-18,20.14,20.14,20.14,20.14,20.14,0
2025-06-19,22.17,22.17,22.17,22.17,22.17,0
2025-06-20,20.62,20.62,20.62,20.62,20.62,0
2025-06-23,19.83,19.83,19.83,19.83,19.83,0
2025-06-24,17.48,17.48,17.48,17.48,17.48,0
2025-06-25,16.76,16.76,16.76,16.76,16.76,0
2025-06-26,16.59,16.59,16.59,16.59,16.59,0
2025-06-27,16.32,16.32,16.32,16.32,16.32,0
2025-06-30,16.73,16.73,16.73,16.73,16.73,0
2025-07-01,16.83,16.83,16.83,16.83,16.83,0
2025-07-02,16.64,16.64,16.64,16.64,16.64,0
2025-07-03,16.38,16.38,16.38,16.38,16.38,0
2025-07-04,17.48,17.48,17.48,17.48,17.48,0
2025-07-07,17.79,17.79,17.79,17.79,17.79,0
2025-07-08,16.81,16.81,16.81,16.81,16.81,0
2025-07-09,15.94,15.94,15.94,15.94,15.94,0
2025-07-10,15.78,15.78,15.78,15.78,15.78,0
2025-07-11,16.4,16.4,16.4,16.4,16.4,0
2025-07-14,17.2,17.2,17.2,17.2,17.2,0
2025-07-15,17.38,17.38,17.38,17.38,17.38,0
2025-07-16,17.16,17.16,17.16,17.16,17.16,0
2025-07-17,16.52,16.52,16.52,16.52,16.52,0
2025-07-18,16.41,16.41,16.41,16.41,16.41,0
2025-07-21,16.65,16.65,16.65,16.65,16.65,0
2025-07-22,16.5,16.5,16.5,16.5,16.5,0
2025-07-23,15.37,15.37,15.37,15.37,15.37,0
2025-07-24,15.39,15.39,15.39,15.39,15.39,0
2025-07-25,14.93,14.93,14.93,14.93,14.93,0
2025-07-28,15.03,15.03,15.03,15.03,15.03,0
2025-07-29,15.98,15.98,15.98,15.98,15.98,0
2025-07-30,15.48,15.48,15.48,15.48,15.48,0
2025-07-31,16.72,16.72,16.72,16.72,16.72,0
2025-08-01,20.38,20.38,20.38,20.38,20.38,0
2025-08-04,17.52,17.52,17.52,17.52,17.52,0
2025-08-05,17.85,17.85,17.85,17.85,17.85,0
2025-08-06,16.77,16.77,16.77,16.77,16.77,0
2025-08-07,16.57,16.57,16.57,16.57,16.57,0
2025-08-08,15.15,15.15,15.15,15.15,15.15,0
2025-08-11,16.25,16.25,16.25,16.25,16.25,0
2025-08-12,14.73,14.73,14.73,14.73,14.73,0
2025-08-13,14.49,14.49,14.49,14.49,14.49,0
2025-08-14,14.83,14.83,14.83,14.83,14.83,0
2025-08-15,15.09,15.09,15.09,15.09,15.09,0
2025-08-18,14.99,14.99,14.99,14.99,14.99,0
2025-08-19,15.57,15.57,15.57,15.57,15.57,0
2025-08-20,15.69,15.69,15.69,15.69,15.69,0
2025-08-21,16.6,16.6,16.6,16.6,16.6,0
2025-08-22,14.22,14.22,14.22,14.22,14.22,0
2025-08-25,14.79,14.79,14.79,14.79,14.79,0
2025-08-26,14.62,14.62,14.62,14.62,14.62,0
2025-08-27,14.85,14.85,14.85,14.85,14.85,0
2025-08-28,14.43,14.43,14.43,14.43,14.43,0
2025-08-29,15.36,15.36,15.36,15.36,15.36,0
2025-09-01,16.12,16.12,16.12,16.12,16.12,0
2025-09-02,17.17,17.17,17.17,17.17,17.17,0
2025-09-03,16.35,16.35,16.35,16.35,16.35,0
2025-09-04,15.3,15.3,15.3,15.3,15.3,0
2025-09-05,15.18,15.18,15.18,15.18,15.18,0
2025-09-08,15.11,15.11,15.11,15.11,15.11,0
2025-09-09,15.04,15.04,15.04,15.04,15.04,0
2025-09-10,15.35,15.35,15.35,15.35,15.35,0
2025-09-11,14.71,14.71,14.71,14.71,14.71,0
2025-09-12,14.76,14.76,14.76,14.76,14.76,0
2025-09-15,15.69,15.69,15.69,15.69,15.69,0
2025-09-16,16.36,16.36,16.36,16.36,16.36,0
2025-09-17,15.72,15.72,15.72,15.72,15.72,0
2025-09-18,15.7,15.7,15.7,15.7,15.7,0
2025-09-19,15.45,15.45,15.45,15.45,15.45,0
2025-09-22,16.1,16.1,16.1,16.1,16.1,0
2025-09-23,16.64,16.64,16.64,16.64,16.64,0
2025-09-24,16.18,16.18,16.18,16.18,16.18,0
2025-09-25,16.74,16.74,16.74,16.74,16.74,0
2025-09-26,15.29,15.29,15.29,15.29,15.29,0
2025-09-29,16.12,16.12,16.12,16.12,16.12,0
2025-09-30,16.28,16.28,16.28,16.28,16.28,0
2025-10-01,16.29,16.29,16.29,16.29,16.29,0
2025-10-02,16.63,16.63,16.63,16.63,16.63,0
2025-10-03,16.65,16.65,16.65,16.65,16.65,0
2025-10-06,16.37,16.37,16.37,16.37,16.37,0
2025-10-07,17.24,17.24,17.24,17.24,17.24,0
2025-10-08,16.3,16.3,16.3,16.3,16.3,0
2025-10-09,16.43,16.43,16.43,16.43,16.43,0
2025-10-10,21.66,21.66,21.66,21.66,21.66,0
2025-10-13,19.03,19.03,19.03,19.03,19.03,0
2025-10-14,20.81,20.81,20.81,20.81,20.81,0
2025-10-15,20.64,20.64,20.64,20.64,20.64,0
2025-10-16,25.31,25.31,25.31,25.31,25.31,0
2025-10-17,20.78,20.78,20.78,20.78,20.78,0
2025-10-20,18.23,18.23,18.23,18.23,18.23,0
2025-10-21,17.87,17.87,17.87,17.87,17.87,0
2025-10-22,18.6,18.6,18.6,18.6,18.6,0
2025-10-23,17.3,17.3,17.3,17.3,17.3,0
2025-10-24,16.37,16.37,16.37,16.37,16.37,0
2025-10-27,15.79,15.79,15.79,15.79,15.79,0
2025-10-28,16.42,16.42,16.42,16.42,16.42,0
